date,home_team,away_team,home_score,away_score,tournament,city,country,neutral
2025-10-11,France,Cameroon,3,0,Nations League,Home City,France,false
2024-05-11,South Africa,Tunisia,3,0,Nations League,Home City,South Africa,false
2026-03-28,Paraguay,Peru,0,0,WC Qualifier,Home City,Paraguay,false
2020-05-16,Tunisia,Chile,3,0,World Cup,Dubai,Tunisia,true
2021-02-27,Italy,Costa Rica,2,1,WC Qualifier,Home City,Italy,false
2018-11-01,Japan,Australia,4,1,Friendly,Home City,Japan,false
2022-03-15,Paraguay,Denmark,1,2,Friendly,Home City,Paraguay,false
2018-06-03,Brazil,Japan,4,0,WC Qualifier,Home City,Brazil,false
2021-02-06,Norway,Jamaica,2,0,World Cup,London,Norway,true
2019-12-04,Iran,Belgium,0,0,Friendly,Home City,Iran,false
2021-07-27,Cameroon,Argentina,1,2,Nations League,Home City,Cameroon,false
2020-03-23,Nigeria,Japan,0,3,Continental Cup,Home City,Nigeria,false
2025-08-05,Belgium,Brazil,0,1,Nations League,Home City,Belgium,false
2022-12-23,South Korea,New Zealand,3,0,Friendly,Home City,South Korea,false
2025-08-30,Italy,Serbia,2,0,Continental Cup,Home City,Italy,false
2021-08-21,Paraguay,Australia,0,1,Continental Cup,Home City,Paraguay,false
2023-05-23,Nigeria,France,0,1,WC Qualifier,Home City,Nigeria,false
2019-08-14,Spain,Belgium,4,1,Nations League,Home City,Spain,false
2025-03-05,Netherlands,Paraguay,1,1,Nations League,Home City,Netherlands,false
2024-04-22,Cameroon,Peru,1,1,Nations League,Home City,Cameroon,false
2025-06-21,Ivory Coast,Nigeria,1,1,World Cup,Paris,Ivory Coast,true
2024-01-26,Chile,Iran,0,0,World Cup,New York,Chile,true
2023-06-14,Germany,Ivory Coast,1,0,WC Qualifier,Home City,Germany,false
2018-02-02,Japan,Uruguay,1,0,Nations League,Home City,Japan,false
2019-05-06,Norway,England,0,1,Friendly,Home City,Norway,false
2021-03-01,Wales,Netherlands,3,1,WC Qualifier,Home City,Wales,false
2020-12-24,Ivory Coast,Algeria,2,1,Nations League,Home City,Ivory Coast,false
2021-03-14,England,South Africa,5,0,Continental Cup,Home City,England,false
2026-05-31,Uruguay,Australia,1,0,Friendly,Home City,Uruguay,false
2020-10-05,Cameroon,South Korea,1,0,Friendly,Home City,Cameroon,false
2020-01-23,Australia,Chile,3,0,World Cup,New York,Australia,true
2025-11-30,South Africa,Sweden,1,0,World Cup,Madrid,South Africa,true
2020-09-18,Japan,Spain,0,2,Nations League,Home City,Japan,false
2024-11-30,Italy,Ivory Coast,5,1,Friendly,Home City,Italy,false
2020-03-05,Australia,Norway,1,4,World Cup,New York,Australia,true
2021-04-30,Nigeria,Qatar,6,0,WC Qualifier,Home City,Nigeria,false
2026-03-30,England,Jamaica,0,0,Continental Cup,Home City,England,false
2019-12-11,Italy,New Zealand,0,0,Nations League,Home City,Italy,false
2018-04-28,Peru,Tunisia,2,3,Friendly,Home City,Peru,false
2020-12-30,Costa Rica,France,2,2,Continental Cup,Home City,Costa Rica,false
2026-01-06,Saudi Arabia,Italy,0,1,Continental Cup,Home City,Saudi Arabia,false
2024-04-13,Paraguay,Switzerland,0,2,World Cup,Doha,Paraguay,true
2022-01-13,Uruguay,Ecuador,2,1,Continental Cup,Home City,Uruguay,false
2024-03-28,Argentina,France,2,1,Continental Cup,Home City,Argentina,false
2018-01-21,South Africa,Belgium,3,2,Continental Cup,Home City,South Africa,false
2019-08-10,Senegal,Egypt,1,2,Nations League,Home City,Senegal,false
2022-06-23,New Zealand,Nigeria,1,1,Nations League,Home City,New Zealand,false
2022-03-02,Egypt,Spain,1,1,World Cup,Paris,Egypt,true
2019-07-31,South Africa,Jamaica,3,1,Friendly,Home City,South Africa,false
2018-08-04,Paraguay,Switzerland,2,1,Friendly,Home City,Paraguay,false
2019-08-20,Germany,South Korea,5,1,WC Qualifier,Home City,Germany,false
2022-06-28,Netherlands,Senegal,0,0,WC Qualifier,Home City,Netherlands,false
2026-05-26,Iraq,USA,3,2,WC Qualifier,Home City,Iraq,false
2025-07-15,Nigeria,Sweden,1,2,World Cup,Berlin,Nigeria,true
2023-09-21,Iraq,Ivory Coast,3,1,Continental Cup,Home City,Iraq,false
2023-09-29,United Arab Emirates,Germany,0,1,Friendly,Home City,United Arab Emirates,false
2018-09-05,Qatar,Denmark,3,2,Continental Cup,Home City,Qatar,false
2021-01-29,Serbia,Austria,1,1,WC Qualifier,Home City,Serbia,false
2020-03-08,Sweden,Iran,1,1,Continental Cup,Home City,Sweden,false
2025-10-24,Japan,Argentina,0,1,World Cup,Paris,Japan,true
2020-04-19,Costa Rica,Qatar,3,1,Continental Cup,Home City,Costa Rica,false
2024-05-09,Belgium,Nigeria,2,0,Nations League,Home City,Belgium,false
2026-05-22,Chile,Costa Rica,2,3,WC Qualifier,Home City,Chile,false
2025-12-07,South Africa,Italy,1,1,Friendly,Home City,South Africa,false
2018-04-07,Morocco,Brazil,2,0,WC Qualifier,Home City,Morocco,false
2018-05-29,Algeria,Uruguay,2,0,Continental Cup,Home City,Algeria,false
2025-12-05,South Africa,Iran,0,2,World Cup,Paris,South Africa,true
2019-08-12,Netherlands,Iran,4,0,WC Qualifier,Home City,Netherlands,false
2021-10-02,Denmark,Japan,5,0,WC Qualifier,Home City,Denmark,false
2025-06-11,Sweden,Switzerland,0,0,WC Qualifier,Home City,Sweden,false
2020-08-28,Morocco,Australia,2,1,Nations League,Home City,Morocco,false
2025-03-23,Colombia,Paraguay,0,0,WC Qualifier,Home City,Colombia,false
2026-04-15,Jamaica,Saudi Arabia,2,2,Friendly,Home City,Jamaica,false
2025-02-03,Costa Rica,Iraq,1,1,World Cup,Madrid,Costa Rica,true
2019-03-27,Costa Rica,Mexico,3,1,Friendly,Home City,Costa Rica,false
2024-04-15,Denmark,Germany,1,3,Friendly,Home City,Denmark,false
2023-02-26,South Korea,Saudi Arabia,1,1,WC Qualifier,Home City,South Korea,false
2023-03-03,Iraq,Paraguay,0,1,Friendly,Home City,Iraq,false
2025-12-02,Argentina,Senegal,1,0,WC Qualifier,Home City,Argentina,false
2021-11-27,Morocco,Jamaica,1,0,WC Qualifier,Home City,Morocco,false
2022-10-30,Argentina,Switzerland,3,0,Continental Cup,Home City,Argentina,false
2023-01-20,Croatia,Egypt,2,2,Friendly,Home City,Croatia,false
2019-08-23,Saudi Arabia,Jamaica,3,0,Continental Cup,Home City,Saudi Arabia,false
2023-01-31,Serbia,Iran,0,2,World Cup,Berlin,Serbia,true
2020-06-17,Sweden,Croatia,1,2,Friendly,Home City,Sweden,false
2018-07-23,Germany,Saudi Arabia,2,0,Continental Cup,Home City,Germany,false
2023-06-05,Serbia,France,2,0,Friendly,Home City,Serbia,false
2022-06-02,Chile,Saudi Arabia,0,1,Friendly,Home City,Chile,false
2018-01-13,Canada,Tunisia,2,0,Friendly,Home City,Canada,false
2024-06-06,Serbia,Chile,1,1,Friendly,Home City,Serbia,false
2025-09-19,Ivory Coast,Australia,2,1,WC Qualifier,Home City,Ivory Coast,false
2026-03-08,Canada,Iraq,6,0,WC Qualifier,Home City,Canada,false
2024-06-22,Saudi Arabia,Morocco,2,1,Friendly,Home City,Saudi Arabia,false
2019-03-25,South Africa,Canada,3,0,Nations League,Home City,South Africa,false
2023-03-30,Italy,Canada,1,1,Nations League,Home City,Italy,false
2018-04-09,South Korea,Tunisia,3,0,Nations League,Home City,South Korea,false
2019-10-06,Australia,Senegal,0,4,World Cup,Sydney,Australia,true
2018-08-30,Senegal,Germany,1,0,Continental Cup,Home City,Senegal,false
2020-08-09,Germany,Morocco,3,1,World Cup,Berlin,Germany,true
2025-07-08,Japan,South Korea,1,0,WC Qualifier,Home City,Japan,false
2023-10-07,France,Qatar,3,0,World Cup,Doha,France,true
2021-04-18,Australia,South Africa,4,0,Nations League,Home City,Australia,false
2019-12-30,Germany,England,0,1,Nations League,Home City,Germany,false
2021-12-30,South Korea,Cameroon,2,1,Nations League,Home City,South Korea,false
2024-03-10,Nigeria,France,0,3,World Cup,Paris,Nigeria,true
2018-09-27,Chile,Mexico,1,2,World Cup,New York,Chile,true
2018-12-03,South Korea,Algeria,1,1,Continental Cup,Home City,South Korea,false
2019-12-31,Senegal,Costa Rica,2,1,Friendly,Home City,Senegal,false
2021-12-23,Norway,Paraguay,1,0,Nations League,Home City,Norway,false
2022-10-07,Senegal,Panama,2,0,WC Qualifier,Home City,Senegal,false
2019-08-25,Costa Rica,Norway,3,0,Nations League,Home City,Costa Rica,false
2023-06-14,Austria,USA,0,0,WC Qualifier,Home City,Austria,false
2018-07-26,Panama,Jamaica,5,1,Nations League,Home City,Panama,false
2024-03-21,Paraguay,Wales,2,0,WC Qualifier,Home City,Paraguay,false
2018-12-14,Japan,Italy,1,1,WC Qualifier,Home City,Japan,false
2025-10-06,Peru,Algeria,3,1,World Cup,New York,Peru,true
2018-09-29,Italy,Croatia,2,0,World Cup,Sydney,Italy,true
2024-05-20,Belgium,Canada,1,1,WC Qualifier,Home City,Belgium,false
2021-12-14,Germany,Peru,1,1,Friendly,Home City,Germany,false
2024-04-10,Egypt,Uruguay,0,2,Nations League,Home City,Egypt,false
2022-02-11,Egypt,Sweden,2,1,Friendly,Home City,Egypt,false
2025-05-04,Tunisia,Panama,5,1,WC Qualifier,Home City,Tunisia,false
2019-08-11,Ivory Coast,Morocco,2,0,Nations League,Home City,Ivory Coast,false
2019-03-12,Tunisia,Uruguay,0,1,Friendly,Home City,Tunisia,false
2021-03-27,Iraq,Paraguay,3,1,WC Qualifier,Home City,Iraq,false
2021-09-20,Panama,Austria,3,1,WC Qualifier,Home City,Panama,false
2023-08-11,Qatar,Peru,1,3,Continental Cup,Home City,Qatar,false
2020-02-29,Wales,Jamaica,1,0,Nations League,Home City,Wales,false
2024-08-24,Argentina,Colombia,2,2,WC Qualifier,Home City,Argentina,false
2023-04-25,United Arab Emirates,Netherlands,0,0,Nations League,Home City,United Arab Emirates,false
2020-09-30,Iran,Cameroon,1,0,Continental Cup,Home City,Iran,false
2024-08-16,Denmark,Brazil,0,4,Friendly,Home City,Denmark,false
2024-10-15,Mexico,Netherlands,1,2,Nations League,Home City,Mexico,false
2021-09-03,England,Austria,2,0,World Cup,Paris,England,true
2021-06-01,Switzerland,Japan,4,3,World Cup,Sydney,Switzerland,true
2019-03-14,Panama,Sweden,1,0,Friendly,Home City,Panama,false
2022-06-13,Portugal,Austria,4,3,Continental Cup,Home City,Portugal,false
2022-12-26,Denmark,Qatar,3,2,WC Qualifier,Home City,Denmark,false
2023-07-15,Morocco,Portugal,1,1,Continental Cup,Home City,Morocco,false
2023-08-09,Egypt,Morocco,3,2,Friendly,Home City,Egypt,false
2024-01-24,Senegal,USA,2,0,WC Qualifier,Home City,Senegal,false
2025-01-07,Nigeria,Saudi Arabia,2,0,Nations League,Home City,Nigeria,false
2018-09-26,Spain,Tunisia,3,0,WC Qualifier,Home City,Spain,false
2023-09-03,Ecuador,Mexico,2,1,World Cup,Doha,Ecuador,true
2022-01-02,Croatia,Tunisia,3,0,Nations League,Home City,Croatia,false
2024-06-27,Switzerland,Morocco,2,1,WC Qualifier,Home City,Switzerland,false
2019-10-28,Italy,Qatar,1,0,Continental Cup,Home City,Italy,false
2022-03-08,Ecuador,New Zealand,0,0,WC Qualifier,Home City,Ecuador,false
2023-10-31,Iraq,Colombia,3,1,Nations League,Home City,Iraq,false
2024-12-15,South Korea,Morocco,1,2,Friendly,Home City,South Korea,false
2025-10-07,Chile,Egypt,3,0,Friendly,Home City,Chile,false
2021-12-04,Canada,Ivory Coast,0,0,Nations League,Home City,Canada,false
2026-03-23,Belgium,Panama,6,0,WC Qualifier,Home City,Belgium,false
2019-12-18,Netherlands,Wales,3,0,Continental Cup,Home City,Netherlands,false
2023-02-12,Netherlands,Egypt,2,0,Nations League,Home City,Netherlands,false
2024-03-28,Wales,Ecuador,0,0,Nations League,Home City,Wales,false
2026-03-26,Norway,South Africa,2,1,Continental Cup,Home City,Norway,false
2018-02-15,Colombia,Jamaica,3,0,Continental Cup,Home City,Colombia,false
2018-03-24,Switzerland,Uruguay,7,3,WC Qualifier,Home City,Switzerland,false
2021-12-17,Sweden,Algeria,1,0,Friendly,Home City,Sweden,false
2021-03-19,Argentina,Costa Rica,4,0,Continental Cup,Home City,Argentina,false
2023-10-07,England,Jamaica,2,0,Continental Cup,Home City,England,false
2020-06-20,Chile,Egypt,3,1,Continental Cup,Home City,Chile,false
2025-12-27,Wales,Ivory Coast,1,1,Nations League,Home City,Wales,false
2025-11-29,Japan,Uruguay,2,0,Nations League,Home City,Japan,false
2020-01-19,Brazil,Paraguay,1,0,Friendly,Home City,Brazil,false
2018-12-27,Ivory Coast,Australia,4,0,Continental Cup,Home City,Ivory Coast,false
2020-11-28,Serbia,Switzerland,1,3,Continental Cup,Home City,Serbia,false
2019-02-25,Uruguay,Italy,0,4,World Cup,Dubai,Uruguay,true
2019-03-09,Chile,Jamaica,0,0,World Cup,Paris,Chile,true
2023-01-11,Cameroon,Chile,0,3,Continental Cup,Home City,Cameroon,false
2019-05-20,Serbia,Jamaica,2,2,World Cup,Paris,Serbia,true
2019-07-19,Argentina,Saudi Arabia,5,0,Nations League,Home City,Argentina,false
2025-10-03,Chile,Ivory Coast,1,0,Friendly,Home City,Chile,false
2021-02-04,Sweden,Norway,1,1,World Cup,Madrid,Sweden,true
2024-11-01,Denmark,Switzerland,1,2,Continental Cup,Home City,Denmark,false
2025-08-02,France,Ecuador,2,1,Continental Cup,Home City,France,false
2021-11-04,Switzerland,New Zealand,3,0,World Cup,London,Switzerland,true
2018-04-07,Argentina,Peru,3,0,World Cup,New York,Argentina,true
2020-06-03,Sweden,Ivory Coast,0,1,World Cup,New York,Sweden,true
2020-12-19,Norway,Netherlands,2,2,Nations League,Home City,Norway,false
2024-05-11,Peru,Panama,6,0,Friendly,Home City,Peru,false
2022-11-09,Egypt,Belgium,1,1,Continental Cup,Home City,Egypt,false
2018-04-07,Spain,Algeria,2,0,Friendly,Home City,Spain,false
2018-06-03,Serbia,Uruguay,1,0,Nations League,Home City,Serbia,false
2023-11-21,Tunisia,South Africa,2,2,Friendly,Home City,Tunisia,false
2019-12-04,Uruguay,Jamaica,2,1,Friendly,Home City,Uruguay,false
2024-01-30,Morocco,Paraguay,0,2,WC Qualifier,Home City,Morocco,false
2019-12-07,Iraq,Iran,5,4,WC Qualifier,Home City,Iraq,false
2022-11-04,Germany,Paraguay,3,1,Nations League,Home City,Germany,false
2019-10-18,Germany,United Arab Emirates,4,0,Nations League,Home City,Germany,false
2022-05-02,United Arab Emirates,Saudi Arabia,1,1,WC Qualifier,Home City,United Arab Emirates,false
2024-01-29,Spain,Wales,3,0,WC Qualifier,Home City,Spain,false
2019-12-26,Italy,Serbia,1,1,Continental Cup,Home City,Italy,false
2025-08-19,United Arab Emirates,Ecuador,2,1,Friendly,Home City,United Arab Emirates,false
2020-10-08,Sweden,Peru,2,1,Friendly,Home City,Sweden,false
2019-11-27,Argentina,United Arab Emirates,3,0,World Cup,Doha,Argentina,true
2026-03-13,Belgium,England,3,1,Continental Cup,Home City,Belgium,false
2022-09-17,Iran,Morocco,1,1,Continental Cup,Home City,Iran,false
2022-11-09,Australia,Croatia,2,0,Friendly,Home City,Australia,false
2018-02-17,Canada,Saudi Arabia,1,1,World Cup,Madrid,Canada,true
2025-09-20,Panama,Paraguay,1,1,Friendly,Home City,Panama,false
2023-01-16,Serbia,Germany,1,2,WC Qualifier,Home City,Serbia,false
2018-09-11,Norway,Germany,0,3,World Cup,Dubai,Norway,true
2018-08-01,Ivory Coast,Jamaica,3,1,WC Qualifier,Home City,Ivory Coast,false
2019-12-29,Sweden,United Arab Emirates,2,0,World Cup,Dubai,Sweden,true
2021-12-16,Saudi Arabia,Tunisia,1,2,Nations League,Home City,Saudi Arabia,false
2020-03-09,New Zealand,Algeria,0,0,Continental Cup,Home City,New Zealand,false
2022-10-24,Wales,Mexico,0,0,World Cup,New York,Wales,true
2023-03-05,England,Ecuador,1,0,World Cup,Berlin,England,true
2020-08-10,France,Ivory Coast,2,0,World Cup,New York,France,true
2021-08-04,Norway,Saudi Arabia,2,0,WC Qualifier,Home City,Norway,false
2019-01-05,United Arab Emirates,Egypt,0,2,WC Qualifier,Home City,United Arab Emirates,false
2023-09-23,Costa Rica,Canada,1,1,World Cup,Sydney,Costa Rica,true
2024-08-24,Mexico,Saudi Arabia,2,0,Friendly,Home City,Mexico,false
2024-11-22,Spain,Netherlands,0,3,WC Qualifier,Home City,Spain,false
2018-12-29,Serbia,Uruguay,3,1,Friendly,Home City,Serbia,false
2025-06-13,Ecuador,Portugal,1,4,WC Qualifier,Home City,Ecuador,false
2025-04-04,Panama,Belgium,0,1,Friendly,Home City,Panama,false
2021-03-01,Senegal,Netherlands,2,0,Friendly,Home City,Senegal,false
2024-11-21,Netherlands,Panama,3,0,World Cup,Dubai,Netherlands,true
2019-09-22,Belgium,Spain,1,1,Continental Cup,Home City,Belgium,false
2022-09-04,Qatar,Jamaica,1,1,Continental Cup,Home City,Qatar,false
2019-08-22,South Africa,Ecuador,1,2,WC Qualifier,Home City,South Africa,false
2021-08-16,Costa Rica,Cameroon,1,2,Nations League,Home City,Costa Rica,false
2025-09-03,Panama,England,0,3,World Cup,Doha,Panama,true
2022-04-11,Iraq,Egypt,2,1,Nations League,Home City,Iraq,false
2019-06-07,Ivory Coast,Tunisia,4,2,Nations League,Home City,Ivory Coast,false
2020-10-25,South Africa,USA,0,1,Nations League,Home City,South Africa,false
2026-05-02,Portugal,Chile,3,0,Nations League,Home City,Portugal,false
2024-04-13,England,Denmark,2,0,Continental Cup,Home City,England,false
2020-03-23,Algeria,Croatia,3,1,WC Qualifier,Home City,Algeria,false
2021-10-15,Spain,Croatia,3,0,Continental Cup,Home City,Spain,false
2020-07-08,Croatia,New Zealand,1,0,Continental Cup,Home City,Croatia,false
2021-05-13,Belgium,Egypt,4,2,Continental Cup,Home City,Belgium,false
2024-11-19,Germany,Switzerland,1,1,World Cup,Sydney,Germany,true
2022-09-13,Wales,Qatar,1,1,Friendly,Home City,Wales,false
2023-12-29,Morocco,Tunisia,5,1,Friendly,Home City,Morocco,false
2023-07-16,Qatar,Austria,1,2,Friendly,Home City,Qatar,false
2023-02-01,Jamaica,Croatia,0,2,WC Qualifier,Home City,Jamaica,false
2022-09-27,Austria,Switzerland,1,1,Friendly,Home City,Austria,false
2019-12-30,Argentina,Costa Rica,1,0,Nations League,Home City,Argentina,false
2021-12-28,England,Iraq,1,0,Continental Cup,Home City,England,false
2020-04-27,Sweden,Ecuador,1,0,Friendly,Home City,Sweden,false
2019-06-26,Saudi Arabia,Chile,5,1,Nations League,Home City,Saudi Arabia,false
2023-12-07,Wales,Croatia,3,1,Nations League,Home City,Wales,false
2021-02-14,Norway,France,1,1,Nations League,Home City,Norway,false
2024-07-08,Australia,England,2,2,Continental Cup,Home City,Australia,false
2020-02-07,Switzerland,Morocco,1,2,Nations League,Home City,Switzerland,false
2018-10-22,Italy,Egypt,2,0,WC Qualifier,Home City,Italy,false
2024-12-24,Colombia,Cameroon,2,0,Friendly,Home City,Colombia,false
2019-03-22,Sweden,Canada,4,2,Friendly,Home City,Sweden,false
2019-04-10,USA,Panama,0,0,WC Qualifier,Home City,USA,false
2024-12-18,New Zealand,Japan,0,0,Continental Cup,Home City,New Zealand,false
2023-12-22,Jamaica,Qatar,0,1,WC Qualifier,Home City,Jamaica,false
2020-10-08,Ivory Coast,Jamaica,4,0,Friendly,Home City,Ivory Coast,false
2021-11-03,Denmark,Portugal,2,0,Friendly,Home City,Denmark,false
2019-01-01,Denmark,Sweden,3,2,WC Qualifier,Home City,Denmark,false
2023-08-07,Chile,Mexico,2,2,Friendly,Home City,Chile,false
2023-12-13,Italy,Wales,3,1,Friendly,Home City,Italy,false
2019-12-15,Canada,Qatar,2,2,Nations League,Home City,Canada,false
2025-06-23,Paraguay,Uruguay,2,2,Nations League,Home City,Paraguay,false
2023-12-02,Qatar,Saudi Arabia,3,0,Friendly,Home City,Qatar,false
2024-12-09,Jamaica,Brazil,0,4,WC Qualifier,Home City,Jamaica,false
2021-08-05,South Korea,Uruguay,1,2,Continental Cup,Home City,South Korea,false
2026-02-07,Colombia,South Africa,2,0,Continental Cup,Home City,Colombia,false
2021-11-26,Egypt,South Africa,1,0,WC Qualifier,Home City,Egypt,false
2019-01-28,Denmark,Uruguay,1,2,Friendly,Home City,Denmark,false
2025-07-13,Nigeria,Algeria,3,2,World Cup,Doha,Nigeria,true
2018-10-22,Denmark,England,3,1,World Cup,Paris,Denmark,true
2024-04-05,Norway,Nigeria,0,2,World Cup,New York,Norway,true
2018-01-06,Portugal,Senegal,2,2,Continental Cup,Home City,Portugal,false
2018-08-14,Costa Rica,Saudi Arabia,0,1,Continental Cup,Home City,Costa Rica,false
2022-12-04,New Zealand,USA,2,0,Friendly,Home City,New Zealand,false
2024-02-27,Saudi Arabia,Wales,1,2,Friendly,Home City,Saudi Arabia,false
2024-08-04,Portugal,Netherlands,1,2,Continental Cup,Home City,Portugal,false
2025-09-15,Peru,Nigeria,7,0,Continental Cup,Home City,Peru,false
2025-03-15,Ecuador,Spain,0,2,WC Qualifier,Home City,Ecuador,false
2019-04-06,Brazil,Italy,3,1,WC Qualifier,Home City,Brazil,false
2019-11-18,Egypt,Peru,0,0,Nations League,Home City,Egypt,false
2024-09-06,Paraguay,Costa Rica,1,2,World Cup,Paris,Paraguay,true
2026-05-23,South Africa,Croatia,0,1,Continental Cup,Home City,South Africa,false
2021-07-25,Tunisia,Panama,5,1,Continental Cup,Home City,Tunisia,false
2019-03-31,Senegal,Germany,0,3,World Cup,Madrid,Senegal,true
2025-06-26,Uruguay,Qatar,1,0,Nations League,Home City,Uruguay,false
2023-03-08,Japan,Saudi Arabia,2,0,Continental Cup,Home City,Japan,false
2018-11-13,Argentina,Croatia,3,0,Friendly,Home City,Argentina,false
2019-10-23,United Arab Emirates,USA,1,1,World Cup,London,United Arab Emirates,true
2022-02-08,Qatar,Switzerland,2,1,World Cup,Dubai,Qatar,true
2021-11-04,Croatia,Qatar,2,0,WC Qualifier,Home City,Croatia,false
2025-06-19,Jamaica,Italy,2,5,WC Qualifier,Home City,Jamaica,false
2025-08-13,Denmark,Sweden,1,0,World Cup,Paris,Denmark,true
2021-10-28,Egypt,Australia,1,0,Continental Cup,Home City,Egypt,false
2020-11-24,Egypt,Germany,1,0,Continental Cup,Home City,Egypt,false
2018-03-26,Ecuador,Spain,2,1,Continental Cup,Home City,Ecuador,false
2023-03-28,New Zealand,Australia,2,2,Nations League,Home City,New Zealand,false
2022-07-06,Mexico,Denmark,0,0,Continental Cup,Home City,Mexico,false
2026-04-05,Chile,Ecuador,0,1,Nations League,Home City,Chile,false
2019-07-18,Netherlands,Saudi Arabia,5,0,Nations League,Home City,Netherlands,false
2018-02-27,Croatia,Norway,1,1,Friendly,Home City,Croatia,false
2026-01-08,Japan,Panama,2,0,WC Qualifier,Home City,Japan,false
2020-04-06,South Africa,Germany,0,3,World Cup,London,South Africa,true
2022-11-13,Austria,Colombia,0,2,Continental Cup,Home City,Austria,false
2020-09-30,Algeria,South Africa,3,0,World Cup,London,Algeria,true
2023-04-21,Ivory Coast,England,0,2,Friendly,Home City,Ivory Coast,false
2025-05-12,England,USA,0,1,WC Qualifier,Home City,England,false
2021-09-19,USA,Jamaica,2,0,World Cup,Dubai,USA,true
2022-10-05,Austria,Chile,4,1,WC Qualifier,Home City,Austria,false
2024-04-26,Austria,Peru,3,0,Continental Cup,Home City,Austria,false
2018-12-26,Morocco,Saudi Arabia,1,0,World Cup,New York,Morocco,true
2019-11-26,Japan,Switzerland,1,2,Friendly,Home City,Japan,false
2023-10-25,Saudi Arabia,Jamaica,2,0,Nations League,Home City,Saudi Arabia,false
2022-11-06,Senegal,USA,2,0,Nations League,Home City,Senegal,false
2026-01-26,Austria,Panama,2,0,World Cup,London,Austria,true
2022-02-09,Norway,France,1,3,WC Qualifier,Home City,Norway,false
2022-12-19,England,Norway,2,1,Continental Cup,Home City,England,false
2023-04-16,Costa Rica,Nigeria,2,0,Continental Cup,Home City,Costa Rica,false
2019-08-21,Nigeria,Senegal,1,0,World Cup,London,Nigeria,true
2024-05-04,Chile,Switzerland,1,1,WC Qualifier,Home City,Chile,false
2025-02-11,Uruguay,South Korea,0,1,WC Qualifier,Home City,Uruguay,false
2024-01-30,South Africa,South Korea,0,1,World Cup,London,South Africa,true
2018-07-29,Costa Rica,Cameroon,2,0,World Cup,Berlin,Costa Rica,true
2021-01-23,Switzerland,Paraguay,3,1,Nations League,Home City,Switzerland,false
2022-08-14,Iran,Brazil,3,5,World Cup,Dubai,Iran,true
2018-10-28,Brazil,Mexico,5,0,World Cup,Sydney,Brazil,true
2019-08-16,Jamaica,Germany,0,2,Friendly,Home City,Jamaica,false
2018-02-21,Wales,Serbia,2,0,Nations League,Home City,Wales,false
2024-03-01,Morocco,Italy,1,1,Nations League,Home City,Morocco,false
2023-11-23,Mexico,Wales,0,0,Friendly,Home City,Mexico,false
2020-04-21,Tunisia,Argentina,0,1,WC Qualifier,Home City,Tunisia,false
2021-08-21,Serbia,Mexico,1,1,WC Qualifier,Home City,Serbia,false
2025-10-05,Mexico,Argentina,0,1,Friendly,Home City,Mexico,false
2021-01-05,Austria,Switzerland,0,1,WC Qualifier,Home City,Austria,false
2024-01-23,Norway,France,1,4,World Cup,Paris,Norway,true
2020-09-26,USA,Panama,2,1,Nations League,Home City,USA,false
2021-06-05,Iran,Uruguay,2,2,WC Qualifier,Home City,Iran,false
2018-01-24,Paraguay,Serbia,2,1,WC Qualifier,Home City,Paraguay,false
2024-10-09,Algeria,Nigeria,2,0,World Cup,Berlin,Algeria,true
2021-04-28,Netherlands,New Zealand,4,0,World Cup,Sydney,Netherlands,true
2019-12-02,Wales,Japan,0,2,WC Qualifier,Home City,Wales,false
2023-04-03,Ecuador,Saudi Arabia,4,0,Friendly,Home City,Ecuador,false
2018-03-03,Iran,Denmark,0,0,Friendly,Home City,Iran,false
2022-11-04,Netherlands,Serbia,2,0,Continental Cup,Home City,Netherlands,false
2025-03-25,Saudi Arabia,Senegal,1,0,Friendly,Home City,Saudi Arabia,false
2023-07-11,Belgium,Spain,0,1,Continental Cup,Home City,Belgium,false
2023-09-06,Mexico,Denmark,0,0,WC Qualifier,Home City,Mexico,false
2018-04-29,Portugal,Netherlands,2,2,Nations League,Home City,Portugal,false
2021-03-11,Iran,South Korea,5,1,Friendly,Home City,Iran,false
2024-09-21,Chile,South Africa,2,1,Continental Cup,Home City,Chile,false
2020-09-28,Morocco,Portugal,2,2,Continental Cup,Home City,Morocco,false
2018-01-10,Portugal,Iraq,2,0,WC Qualifier,Home City,Portugal,false
2026-02-13,Argentina,Jamaica,2,0,Friendly,Home City,Argentina,false
2023-11-26,Egypt,Australia,2,0,Continental Cup,Home City,Egypt,false
2023-07-05,Colombia,Nigeria,4,1,WC Qualifier,Home City,Colombia,false
2026-05-04,England,Portugal,0,1,WC Qualifier,Home City,England,false
2023-10-29,Morocco,Costa Rica,6,0,WC Qualifier,Home City,Morocco,false
2018-01-16,Qatar,South Africa,1,0,Nations League,Home City,Qatar,false
2021-05-22,Croatia,Netherlands,2,0,Nations League,Home City,Croatia,false
2023-02-19,Germany,Mexico,1,0,World Cup,Berlin,Germany,true
2018-11-04,Italy,Colombia,1,0,WC Qualifier,Home City,Italy,false
2025-02-06,Sweden,Spain,0,0,Nations League,Home City,Sweden,false
2020-11-07,Serbia,Ecuador,3,3,Continental Cup,Home City,Serbia,false
2020-10-06,Canada,Brazil,1,4,Friendly,Home City,Canada,false
2026-02-18,Netherlands,Egypt,3,3,World Cup,New York,Netherlands,true
2025-09-15,Austria,Germany,0,0,Friendly,Home City,Austria,false
2022-10-25,USA,Qatar,1,1,Continental Cup,Home City,USA,false
2023-12-03,Paraguay,Iraq,3,1,World Cup,Sydney,Paraguay,true
2022-03-31,Paraguay,United Arab Emirates,0,3,World Cup,Madrid,Paraguay,true
2021-05-24,Algeria,Norway,0,0,Continental Cup,Home City,Algeria,false
2023-06-12,Wales,Sweden,0,0,WC Qualifier,Home City,Wales,false
2025-01-10,Argentina,Tunisia,6,0,World Cup,Dubai,Argentina,true
2018-03-14,Japan,USA,1,1,Nations League,Home City,Japan,false
2024-12-25,Senegal,Tunisia,2,1,WC Qualifier,Home City,Senegal,false
2025-05-06,Serbia,Japan,1,0,Continental Cup,Home City,Serbia,false
2024-03-28,Switzerland,USA,1,0,Continental Cup,Home City,Switzerland,false
2024-02-24,Serbia,Croatia,0,1,Continental Cup,Home City,Serbia,false
2023-01-31,Tunisia,Ivory Coast,2,1,Friendly,Home City,Tunisia,false
2024-11-25,South Korea,Belgium,2,3,Friendly,Home City,South Korea,false
2018-03-22,South Africa,Spain,0,3,Continental Cup,Home City,South Africa,false
2022-02-02,France,Tunisia,2,1,Friendly,Home City,France,false
2023-05-07,Netherlands,Peru,3,0,Friendly,Home City,Netherlands,false
2023-07-31,Panama,Peru,0,1,World Cup,New York,Panama,true
2025-07-11,USA,Paraguay,3,0,WC Qualifier,Home City,USA,false
2022-05-02,Colombia,Wales,3,0,World Cup,Sydney,Colombia,true
2020-11-22,Japan,Wales,4,1,World Cup,New York,Japan,true
2020-07-17,Costa Rica,Saudi Arabia,1,0,WC Qualifier,Home City,Costa Rica,false
2018-03-28,United Arab Emirates,Japan,3,3,Continental Cup,Home City,United Arab Emirates,false
2025-04-10,Italy,Sweden,2,0,Continental Cup,Home City,Italy,false
2023-07-17,Costa Rica,Egypt,1,0,Friendly,Home City,Costa Rica,false
2025-10-21,Wales,Austria,0,1,Continental Cup,Home City,Wales,false
2024-02-24,Chile,Cameroon,0,2,World Cup,New York,Chile,true
2021-12-02,Panama,Serbia,1,1,Friendly,Home City,Panama,false
2024-03-02,Peru,Colombia,0,0,Friendly,Home City,Peru,false
2025-10-16,Portugal,Ecuador,3,0,World Cup,Berlin,Portugal,true
2023-05-24,Jamaica,Peru,1,0,Friendly,Home City,Jamaica,false
2025-01-13,Morocco,Iran,1,1,WC Qualifier,Home City,Morocco,false
2022-05-14,Brazil,Paraguay,5,0,Nations League,Home City,Brazil,false
2021-02-16,Spain,South Africa,6,0,WC Qualifier,Home City,Spain,false
2018-04-14,Colombia,South Korea,2,0,Continental Cup,Home City,Colombia,false
2023-02-22,Uruguay,Egypt,2,2,WC Qualifier,Home City,Uruguay,false
2021-09-24,Canada,USA,2,0,World Cup,Madrid,Canada,true
2018-09-29,Canada,USA,2,0,Friendly,Home City,Canada,false
2021-04-10,Nigeria,Paraguay,2,3,Nations League,Home City,Nigeria,false
2026-03-26,Croatia,Saudi Arabia,3,0,World Cup,Madrid,Croatia,true
2026-04-22,South Africa,South Korea,0,0,Continental Cup,Home City,South Africa,false
2024-05-14,Saudi Arabia,Uruguay,2,2,Friendly,Home City,Saudi Arabia,false
2019-06-11,Argentina,Panama,8,0,Friendly,Home City,Argentina,false
2024-05-21,Colombia,Sweden,2,0,Continental Cup,Home City,Colombia,false
2022-05-14,Switzerland,Croatia,0,2,Continental Cup,Home City,Switzerland,false
2018-08-26,Italy,Brazil,1,1,Continental Cup,Home City,Italy,false
2018-10-19,France,Uruguay,2,1,Continental Cup,Home City,France,false
2023-08-27,Peru,South Korea,0,1,Friendly,Home City,Peru,false
2021-07-10,New Zealand,Denmark,1,2,Friendly,Home City,New Zealand,false
2026-05-06,Netherlands,Belgium,1,0,Continental Cup,Home City,Netherlands,false
2022-05-27,Chile,Spain,0,2,WC Qualifier,Home City,Chile,false
2024-12-02,Panama,Colombia,0,4,Friendly,Home City,Panama,false
2020-06-05,Sweden,Brazil,0,1,Friendly,Home City,Sweden,false
2018-11-24,Argentina,USA,4,1,WC Qualifier,Home City,Argentina,false
2022-02-22,Australia,Germany,2,2,World Cup,Sydney,Australia,true
2023-10-12,France,Chile,3,0,WC Qualifier,Home City,France,false
2026-04-24,United Arab Emirates,Sweden,4,1,Continental Cup,Home City,United Arab Emirates,false
2020-07-06,England,Jamaica,3,0,Nations League,Home City,England,false
2020-06-20,Ivory Coast,Sweden,1,2,WC Qualifier,Home City,Ivory Coast,false
2024-06-04,Iran,Peru,3,2,Nations League,Home City,Iran,false
2020-07-26,Sweden,New Zealand,0,1,WC Qualifier,Home City,Sweden,false
2021-05-13,Panama,Paraguay,3,1,Nations League,Home City,Panama,false
2020-04-07,New Zealand,Iran,1,2,WC Qualifier,Home City,New Zealand,false
2020-12-01,Colombia,Denmark,1,1,Friendly,Home City,Colombia,false
2021-12-30,Morocco,Nigeria,2,1,Continental Cup,Home City,Morocco,false
2025-07-02,Tunisia,Ecuador,3,2,WC Qualifier,Home City,Tunisia,false
2022-06-30,Netherlands,United Arab Emirates,4,0,Continental Cup,Home City,Netherlands,false
2026-05-06,Qatar,Norway,1,0,World Cup,Berlin,Qatar,true
2024-10-24,Italy,Mexico,2,0,Nations League,Home City,Italy,false
2021-09-11,Peru,Jamaica,0,0,Nations League,Home City,Peru,false
2021-09-19,Serbia,Croatia,3,1,World Cup,Sydney,Serbia,true
2025-06-23,Serbia,Wales,2,1,Continental Cup,Home City,Serbia,false
2020-09-04,Chile,France,0,1,Friendly,Home City,Chile,false
2025-09-28,Morocco,Chile,3,0,World Cup,Paris,Morocco,true
2019-04-24,Colombia,Denmark,1,2,Nations League,Home City,Colombia,false
2026-03-30,Argentina,England,2,1,Friendly,Home City,Argentina,false
2018-07-19,Croatia,Canada,6,0,Nations League,Home City,Croatia,false
2025-05-14,Switzerland,Saudi Arabia,3,1,Continental Cup,Home City,Switzerland,false
2020-07-21,Serbia,Jamaica,1,0,Friendly,Home City,Serbia,false
2020-06-04,Saudi Arabia,Belgium,0,3,WC Qualifier,Home City,Saudi Arabia,false
2023-01-24,Brazil,Argentina,2,1,Continental Cup,Home City,Brazil,false
2026-04-22,Serbia,Iran,0,0,WC Qualifier,Home City,Serbia,false
2022-11-19,Paraguay,Costa Rica,4,1,Continental Cup,Home City,Paraguay,false
2025-10-03,Chile,Panama,2,0,Friendly,Home City,Chile,false
2024-09-27,Ivory Coast,Algeria,0,4,Friendly,Home City,Ivory Coast,false
2024-12-30,Colombia,Tunisia,4,0,Friendly,Home City,Colombia,false
2026-05-14,Qatar,Jamaica,1,1,WC Qualifier,Home City,Qatar,false
2021-05-26,Egypt,Uruguay,2,0,Nations League,Home City,Egypt,false
2020-03-09,Egypt,South Korea,2,0,WC Qualifier,Home City,Egypt,false
2021-05-27,Senegal,Iraq,1,1,Nations League,Home City,Senegal,false
2024-02-12,Iran,United Arab Emirates,1,0,WC Qualifier,Home City,Iran,false
2025-12-03,Algeria,USA,0,1,Friendly,Home City,Algeria,false
2026-05-10,Belgium,Italy,5,0,World Cup,Paris,Belgium,true
2021-10-18,Australia,Portugal,4,1,Continental Cup,Home City,Australia,false
2019-06-10,Croatia,United Arab Emirates,0,0,Nations League,Home City,Croatia,false
2025-11-29,Austria,Argentina,1,0,World Cup,New York,Austria,true
2018-10-10,England,Uruguay,4,1,World Cup,Madrid,England,true
2025-02-08,USA,Tunisia,0,0,World Cup,Doha,USA,true
2020-01-23,Panama,France,0,2,Continental Cup,Home City,Panama,false
2022-10-20,Jamaica,Morocco,1,4,Friendly,Home City,Jamaica,false
2022-09-08,South Africa,Chile,1,3,Nations League,Home City,South Africa,false
2024-12-24,Brazil,Canada,4,0,Friendly,Home City,Brazil,false
2018-11-27,Panama,Argentina,0,5,World Cup,Paris,Panama,true
2023-04-19,Japan,Australia,2,0,World Cup,Paris,Japan,true
2020-04-06,Saudi Arabia,Netherlands,1,1,World Cup,Dubai,Saudi Arabia,true
2025-03-31,Colombia,South Korea,3,0,WC Qualifier,Home City,Colombia,false
2024-03-12,Mexico,Morocco,1,1,World Cup,Madrid,Mexico,true
2019-09-21,USA,Netherlands,1,2,Friendly,Home City,USA,false
2024-11-15,Netherlands,Paraguay,3,0,Nations League,Home City,Netherlands,false
2019-02-01,Tunisia,Algeria,0,0,Continental Cup,Home City,Tunisia,false
2018-12-13,Saudi Arabia,England,0,4,World Cup,Sydney,Saudi Arabia,true
2024-07-03,Australia,Iran,1,1,World Cup,Sydney,Australia,true
2024-06-05,Chile,South Africa,1,0,Continental Cup,Home City,Chile,false
2021-10-08,Panama,Morocco,1,1,World Cup,Sydney,Panama,true
2020-04-14,Chile,Serbia,2,0,Nations League,Home City,Chile,false
2019-08-31,South Korea,Qatar,1,1,World Cup,London,South Korea,true
2018-04-23,Sweden,Brazil,0,1,WC Qualifier,Home City,Sweden,false
2021-02-11,Netherlands,England,2,0,WC Qualifier,Home City,Netherlands,false
2022-06-09,South Africa,Tunisia,1,0,Nations League,Home City,South Africa,false
2018-04-28,Peru,Spain,2,0,Friendly,Home City,Peru,false
2022-03-23,Serbia,Egypt,4,1,World Cup,Doha,Serbia,true
2024-04-07,Iran,Austria,3,0,Continental Cup,Home City,Iran,false
2023-09-18,Denmark,New Zealand,3,0,Continental Cup,Home City,Denmark,false
2020-10-21,Paraguay,Canada,0,2,Friendly,Home City,Paraguay,false
2025-05-17,Ivory Coast,Belgium,0,2,WC Qualifier,Home City,Ivory Coast,false
2022-09-30,Chile,Mexico,2,1,WC Qualifier,Home City,Chile,false
2024-06-16,Germany,Chile,2,0,WC Qualifier,Home City,Germany,false
2018-12-03,Belgium,Chile,1,2,Continental Cup,Home City,Belgium,false
2019-12-30,France,South Africa,3,0,Nations League,Home City,France,false
2022-08-26,Colombia,Brazil,0,4,World Cup,Berlin,Colombia,true
2021-11-06,Ivory Coast,Mexico,1,2,Friendly,Home City,Ivory Coast,false
2025-02-07,United Arab Emirates,Sweden,1,1,Continental Cup,Home City,United Arab Emirates,false
2020-12-02,Spain,Qatar,6,0,World Cup,Sydney,Spain,true
2022-03-04,Saudi Arabia,Serbia,1,1,Friendly,Home City,Saudi Arabia,false
2022-03-25,Tunisia,Saudi Arabia,1,3,World Cup,Berlin,Tunisia,true
2019-08-27,Costa Rica,Argentina,0,4,Nations League,Home City,Costa Rica,false
2022-10-27,Germany,Brazil,0,1,World Cup,Madrid,Germany,true
2020-07-06,Australia,Norway,3,1,Friendly,Home City,Australia,false
2025-03-06,Morocco,Brazil,0,0,Nations League,Home City,Morocco,false
2020-04-21,Senegal,Sweden,3,0,Nations League,Home City,Senegal,false
2022-08-08,Austria,Nigeria,0,0,World Cup,Madrid,Austria,true
2025-01-01,England,Senegal,6,1,Continental Cup,Home City,England,false
2023-12-25,Senegal,Germany,1,1,Friendly,Home City,Senegal,false
2020-03-16,Argentina,Ivory Coast,3,0,Continental Cup,Home City,Argentina,false
2023-11-08,Qatar,South Africa,4,0,Nations League,Home City,Qatar,false
2018-03-08,Canada,Brazil,0,1,World Cup,Madrid,Canada,true
2019-11-01,Ivory Coast,Italy,0,0,World Cup,Dubai,Ivory Coast,true
2020-06-16,Japan,Nigeria,1,0,Nations League,Home City,Japan,false
2025-06-21,Peru,Italy,2,2,Friendly,Home City,Peru,false
2020-02-02,Qatar,Egypt,4,1,Friendly,Home City,Qatar,false
2020-11-19,Italy,Belgium,4,0,Friendly,Home City,Italy,false
2021-12-21,Paraguay,Canada,4,0,World Cup,Dubai,Paraguay,true
2024-12-26,Tunisia,Austria,2,0,Continental Cup,Home City,Tunisia,false
2018-11-22,Argentina,Belgium,1,0,Friendly,Home City,Argentina,false
2020-05-22,Norway,South Africa,4,1,Nations League,Home City,Norway,false
2024-02-19,Saudi Arabia,Morocco,0,1,Friendly,Home City,Saudi Arabia,false
2019-11-03,Algeria,England,1,3,Nations League,Home City,Algeria,false
2024-11-25,Australia,Paraguay,2,0,Friendly,Home City,Australia,false
2019-10-03,Ecuador,Iran,1,0,Nations League,Home City,Ecuador,false
2019-02-19,Ecuador,Uruguay,0,1,WC Qualifier,Home City,Ecuador,false
2024-06-27,Tunisia,England,0,0,World Cup,London,Tunisia,true
2024-02-13,Qatar,Morocco,0,1,WC Qualifier,Home City,Qatar,false
2022-07-01,Mexico,Egypt,2,0,Nations League,Home City,Mexico,false
2018-01-05,Canada,England,1,0,WC Qualifier,Home City,Canada,false
2019-06-14,Germany,Argentina,0,1,WC Qualifier,Home City,Germany,false
2018-02-17,Wales,Tunisia,3,0,Friendly,Home City,Wales,false
2026-03-26,Japan,Peru,3,2,Nations League,Home City,Japan,false
2020-01-06,Qatar,United Arab Emirates,2,1,Friendly,Home City,Qatar,false
2019-05-06,Japan,Croatia,2,0,WC Qualifier,Home City,Japan,false
2023-05-22,Australia,Italy,2,2,World Cup,Sydney,Australia,true
2021-01-01,Italy,Nigeria,2,0,Nations League,Home City,Italy,false
2018-09-09,Tunisia,Wales,1,1,Friendly,Home City,Tunisia,false
2025-04-15,Iraq,Australia,2,2,Nations League,Home City,Iraq,false
2024-08-12,Sweden,Algeria,1,0,WC Qualifier,Home City,Sweden,false
2024-11-09,Morocco,Egypt,1,0,Continental Cup,Home City,Morocco,false
2018-07-28,Sweden,United Arab Emirates,1,3,Friendly,Home City,Sweden,false
2024-10-09,Portugal,Uruguay,1,0,Friendly,Home City,Portugal,false
2022-03-09,Norway,Ivory Coast,1,2,World Cup,London,Norway,true
2025-02-14,Brazil,Peru,3,0,Continental Cup,Home City,Brazil,false
2020-09-03,Croatia,Portugal,2,0,Nations League,Home City,Croatia,false
2026-03-08,United Arab Emirates,Saudi Arabia,2,0,WC Qualifier,Home City,United Arab Emirates,false
2022-10-08,Chile,Spain,0,2,Continental Cup,Home City,Chile,false
2024-02-15,England,New Zealand,0,1,Continental Cup,Home City,England,false
2024-02-24,Canada,Japan,1,2,Friendly,Home City,Canada,false
2020-06-30,Panama,Mexico,2,1,Nations League,Home City,Panama,false
2024-05-31,Ecuador,Wales,1,1,Nations League,Home City,Ecuador,false
2024-01-20,Wales,Croatia,0,1,World Cup,Doha,Wales,true
2025-05-31,Australia,Cameroon,2,0,Nations League,Home City,Australia,false
2018-04-20,Senegal,Algeria,3,1,WC Qualifier,Home City,Senegal,false
2024-09-10,Morocco,Portugal,2,1,World Cup,New York,Morocco,true
2024-02-14,Portugal,Tunisia,1,0,Friendly,Home City,Portugal,false
2019-02-15,Paraguay,Ecuador,1,0,Friendly,Home City,Paraguay,false
2024-03-16,Sweden,Costa Rica,0,1,WC Qualifier,Home City,Sweden,false
2023-09-05,Uruguay,Colombia,2,1,Nations League,Home City,Uruguay,false
2019-01-05,Morocco,Saudi Arabia,1,0,WC Qualifier,Home City,Morocco,false
2019-05-14,Croatia,Qatar,2,0,Nations League,Home City,Croatia,false
2022-01-06,Croatia,Tunisia,2,1,World Cup,London,Croatia,true
2024-07-13,Peru,Austria,2,1,World Cup,Doha,Peru,true
2022-11-08,Nigeria,Ecuador,2,0,WC Qualifier,Home City,Nigeria,false
2025-12-05,Serbia,Chile,6,1,WC Qualifier,Home City,Serbia,false
2021-01-19,Australia,Iraq,0,1,Nations League,Home City,Australia,false
2019-04-03,Argentina,Denmark,2,0,Continental Cup,Home City,Argentina,false
2024-04-22,Ivory Coast,Japan,1,1,Nations League,Home City,Ivory Coast,false
2021-12-01,Spain,Croatia,3,0,WC Qualifier,Home City,Spain,false
2019-08-23,Costa Rica,Austria,0,1,Friendly,Home City,Costa Rica,false
2019-04-09,Canada,Panama,2,1,Continental Cup,Home City,Canada,false
2023-01-17,Tunisia,Qatar,1,0,Nations League,Home City,Tunisia,false
2024-12-02,Norway,Costa Rica,3,1,Continental Cup,Home City,Norway,false
2019-08-03,Japan,France,2,5,Friendly,Home City,Japan,false
2022-01-12,Norway,Argentina,0,0,Friendly,Home City,Norway,false
2021-08-26,Germany,Cameroon,3,0,Nations League,Home City,Germany,false
2022-12-25,Germany,England,1,1,Friendly,Home City,Germany,false
2022-06-30,Uruguay,Ivory Coast,6,1,WC Qualifier,Home City,Uruguay,false
2023-09-20,Spain,Japan,2,0,WC Qualifier,Home City,Spain,false
2019-06-06,Uruguay,Brazil,2,2,Nations League,Home City,Uruguay,false
2025-09-01,Portugal,France,1,3,Continental Cup,Home City,Portugal,false
2020-09-23,Egypt,United Arab Emirates,3,1,World Cup,Madrid,Egypt,true
2021-06-18,Canada,Jamaica,0,0,Friendly,Home City,Canada,false
2025-12-20,Japan,Colombia,2,1,Nations League,Home City,Japan,false
2023-09-07,South Africa,Ivory Coast,2,1,Friendly,Home City,South Africa,false
2019-02-19,USA,Panama,2,0,Nations League,Home City,USA,false
2019-08-06,Denmark,Tunisia,3,0,WC Qualifier,Home City,Denmark,false
2020-01-19,Croatia,Costa Rica,3,0,WC Qualifier,Home City,Croatia,false
2023-05-04,Morocco,Serbia,4,0,Nations League,Home City,Morocco,false
2024-04-21,New Zealand,Argentina,0,3,World Cup,Berlin,New Zealand,true
2025-01-16,United Arab Emirates,England,1,2,Nations League,Home City,United Arab Emirates,false
2023-05-22,Argentina,Colombia,5,0,Nations League,Home City,Argentina,false
2025-11-19,Algeria,Germany,0,3,WC Qualifier,Home City,Algeria,false
2025-06-23,Costa Rica,Netherlands,3,0,Nations League,Home City,Costa Rica,false
2022-08-04,Saudi Arabia,Chile,3,0,WC Qualifier,Home City,Saudi Arabia,false
2025-01-31,Saudi Arabia,Cameroon,2,0,Friendly,Home City,Saudi Arabia,false
2018-09-21,Chile,United Arab Emirates,3,1,Continental Cup,Home City,Chile,false
2025-09-05,Japan,USA,2,2,Friendly,Home City,Japan,false
2019-09-22,Ivory Coast,Senegal,2,3,WC Qualifier,Home City,Ivory Coast,false
2021-09-05,Belgium,Jamaica,2,2,Friendly,Home City,Belgium,false
2020-01-19,Spain,Senegal,3,1,Continental Cup,Home City,Spain,false
2018-01-20,Uruguay,USA,0,0,World Cup,Doha,Uruguay,true
2019-11-02,Panama,Germany,1,3,WC Qualifier,Home City,Panama,false
2025-08-12,Ivory Coast,Switzerland,0,0,Friendly,Home City,Ivory Coast,false
2022-02-03,France,Uruguay,1,1,World Cup,Doha,France,true
2019-06-03,Egypt,Chile,3,0,Nations League,Home City,Egypt,false
2025-12-13,Denmark,Australia,3,0,Friendly,Home City,Denmark,false
2018-06-24,Tunisia,Uruguay,1,3,WC Qualifier,Home City,Tunisia,false
2020-05-11,Cameroon,Argentina,0,1,WC Qualifier,Home City,Cameroon,false
2022-09-26,Ecuador,Canada,2,0,Nations League,Home City,Ecuador,false
2023-08-13,England,Morocco,2,3,World Cup,Paris,England,true
2021-05-16,Argentina,Chile,2,0,Nations League,Home City,Argentina,false
2024-04-27,Paraguay,Argentina,0,1,Nations League,Home City,Paraguay,false
2022-12-04,Qatar,Norway,1,1,World Cup,New York,Qatar,true
2024-01-02,Iraq,Costa Rica,0,2,WC Qualifier,Home City,Iraq,false
2025-12-15,Senegal,Cameroon,0,0,World Cup,Doha,Senegal,true
2026-03-06,Serbia,Iraq,3,2,Friendly,Home City,Serbia,false
2021-09-26,Mexico,Colombia,0,1,WC Qualifier,Home City,Mexico,false
2022-09-29,Mexico,Iraq,1,0,WC Qualifier,Home City,Mexico,false
2019-11-19,Ecuador,Belgium,2,3,Friendly,Home City,Ecuador,false
2023-05-22,Italy,Cameroon,3,1,World Cup,Sydney,Italy,true
2023-04-30,Australia,Nigeria,1,0,WC Qualifier,Home City,Australia,false
2021-01-24,Nigeria,Italy,1,2,Friendly,Home City,Nigeria,false
2024-05-21,Belgium,Tunisia,1,0,World Cup,Madrid,Belgium,true
2023-01-29,Wales,Uruguay,1,2,Continental Cup,Home City,Wales,false
2023-07-22,Uruguay,Ivory Coast,0,0,WC Qualifier,Home City,Uruguay,false
2025-02-28,Sweden,Croatia,2,0,Nations League,Home City,Sweden,false
2023-07-16,Saudi Arabia,Denmark,1,4,WC Qualifier,Home City,Saudi Arabia,false
2022-02-28,Serbia,Austria,4,0,WC Qualifier,Home City,Serbia,false
2024-08-23,Norway,Cameroon,3,1,Nations League,Home City,Norway,false
2019-01-29,Colombia,England,1,1,Nations League,Home City,Colombia,false
2019-08-05,Cameroon,Qatar,1,0,Nations League,Home City,Cameroon,false
2024-07-08,New Zealand,Paraguay,0,2,Friendly,Home City,New Zealand,false
2022-03-06,Serbia,Brazil,1,2,Continental Cup,Home City,Serbia,false
2018-04-08,Morocco,New Zealand,2,0,Continental Cup,Home City,Morocco,false
2022-09-18,Iran,Norway,3,2,Friendly,Home City,Iran,false
2021-06-12,Italy,Germany,2,2,World Cup,Doha,Italy,true
2024-07-17,Norway,England,2,0,World Cup,Madrid,Norway,true
2020-01-11,Senegal,Switzerland,0,0,World Cup,Dubai,Senegal,true
2024-05-13,Ivory Coast,South Africa,4,1,WC Qualifier,Home City,Ivory Coast,false
2023-01-07,Senegal,Morocco,2,1,Continental Cup,Home City,Senegal,false
2021-01-12,Canada,Paraguay,2,2,WC Qualifier,Home City,Canada,false
2018-05-24,Saudi Arabia,South Africa,1,0,Nations League,Home City,Saudi Arabia,false
2024-11-26,Portugal,Tunisia,2,1,Nations League,Home City,Portugal,false
2022-08-18,Wales,Italy,1,3,Nations League,Home City,Wales,false
2023-07-18,Colombia,Jamaica,2,1,Nations League,Home City,Colombia,false
2019-02-26,Brazil,Sweden,2,0,Nations League,Home City,Brazil,false
2018-12-05,Portugal,Qatar,2,0,Nations League,Home City,Portugal,false
2018-02-25,Cameroon,Costa Rica,0,0,Continental Cup,Home City,Cameroon,false
2018-07-08,Peru,Serbia,6,1,Nations League,Home City,Peru,false
2020-10-12,New Zealand,Argentina,0,1,World Cup,Madrid,New Zealand,true
2021-06-10,Jamaica,South Korea,1,1,Friendly,Home City,Jamaica,false
2025-01-05,England,Sweden,1,0,Nations League,Home City,England,false
2025-12-27,Canada,Tunisia,0,0,Continental Cup,Home City,Canada,false
2019-03-10,Nigeria,Colombia,1,2,World Cup,London,Nigeria,true
2019-04-04,Croatia,Mexico,4,1,WC Qualifier,Home City,Croatia,false
2018-10-26,Costa Rica,Mexico,2,1,WC Qualifier,Home City,Costa Rica,false
2019-08-25,Senegal,USA,1,0,Nations League,Home City,Senegal,false
2020-07-02,South Korea,Canada,3,0,World Cup,Sydney,South Korea,true
2024-05-14,Spain,Uruguay,1,0,Nations League,Home City,Spain,false
2018-01-16,South Korea,Wales,4,0,Nations League,Home City,South Korea,false
2023-04-07,Morocco,Cameroon,1,2,World Cup,New York,Morocco,true
2025-12-27,Nigeria,Iran,1,1,Friendly,Home City,Nigeria,false
2023-07-25,Norway,Denmark,2,1,WC Qualifier,Home City,Norway,false
2018-09-09,Chile,Australia,0,2,World Cup,Doha,Chile,true
2025-05-18,Australia,Switzerland,3,1,Continental Cup,Home City,Australia,false
2023-12-27,Mexico,Tunisia,3,0,WC Qualifier,Home City,Mexico,false
2018-11-18,Norway,Algeria,2,0,World Cup,New York,Norway,true
2020-04-09,Canada,Netherlands,1,5,Nations League,Home City,Canada,false
2018-01-06,Peru,Senegal,1,4,WC Qualifier,Home City,Peru,false
2023-06-01,Canada,Spain,3,2,Friendly,Home City,Canada,false
2021-06-17,Croatia,Brazil,2,1,Friendly,Home City,Croatia,false
2023-11-18,Australia,Peru,6,1,Nations League,Home City,Australia,false
2020-10-25,Egypt,Ecuador,3,2,WC Qualifier,Home City,Egypt,false
2021-11-11,Wales,France,0,2,Friendly,Home City,Wales,false
2023-04-19,Jamaica,Germany,1,2,Continental Cup,Home City,Jamaica,false
2026-04-30,Australia,Serbia,2,0,Nations League,Home City,Australia,false
2025-11-09,France,United Arab Emirates,2,0,World Cup,Sydney,France,true
2024-12-27,Paraguay,Spain,0,1,World Cup,Madrid,Paraguay,true
2021-02-23,England,United Arab Emirates,2,0,Nations League,Home City,England,false
2019-05-02,Qatar,Nigeria,2,1,Continental Cup,Home City,Qatar,false
2020-09-23,Wales,Germany,0,2,WC Qualifier,Home City,Wales,false
2025-02-17,Australia,Saudi Arabia,1,0,World Cup,Paris,Australia,true
2021-07-05,Egypt,England,1,3,Continental Cup,Home City,Egypt,false
2022-06-12,Ivory Coast,Norway,1,1,WC Qualifier,Home City,Ivory Coast,false
2018-08-19,Switzerland,Ecuador,2,0,World Cup,New York,Switzerland,true
2023-07-25,USA,Costa Rica,0,0,Friendly,Home City,USA,false
2025-11-14,United Arab Emirates,Costa Rica,3,1,Nations League,Home City,United Arab Emirates,false
2019-02-06,France,Mexico,6,0,WC Qualifier,Home City,France,false
2018-11-01,USA,Ivory Coast,2,1,World Cup,Berlin,USA,true
2021-08-03,Morocco,New Zealand,3,1,World Cup,Doha,Morocco,true
2026-02-02,Ecuador,Jamaica,1,0,Continental Cup,Home City,Ecuador,false
2019-03-11,Paraguay,Tunisia,0,4,Nations League,Home City,Paraguay,false
2026-05-11,Switzerland,Wales,0,1,Continental Cup,Home City,Switzerland,false
2025-03-30,New Zealand,Wales,0,3,WC Qualifier,Home City,New Zealand,false
2019-07-19,Jamaica,Austria,1,4,World Cup,Madrid,Jamaica,true
2023-10-08,Panama,Uruguay,1,1,Friendly,Home City,Panama,false
2020-06-13,Sweden,Egypt,2,2,Friendly,Home City,Sweden,false
2020-01-13,Italy,Cameroon,3,0,World Cup,Sydney,Italy,true
2025-09-21,Argentina,Cameroon,3,0,Friendly,Home City,Argentina,false
2023-04-04,Algeria,Argentina,1,4,World Cup,Berlin,Algeria,true
2025-02-05,Spain,Chile,2,0,Nations League,Home City,Spain,false
2025-03-12,France,New Zealand,9,0,World Cup,Doha,France,true
2023-02-21,Australia,Morocco,0,1,Nations League,Home City,Australia,false
2026-03-21,Nigeria,New Zealand,2,0,World Cup,New York,Nigeria,true
2025-07-05,Mexico,Tunisia,2,1,Continental Cup,Home City,Mexico,false
2021-02-16,Uruguay,Algeria,2,1,World Cup,Sydney,Uruguay,true
2020-01-10,Brazil,Iraq,5,0,Nations League,Home City,Brazil,false
2024-02-12,Argentina,South Africa,2,0,World Cup,Sydney,Argentina,true
2023-06-12,Ecuador,Colombia,3,2,Continental Cup,Home City,Ecuador,false
2023-12-02,United Arab Emirates,Wales,1,1,WC Qualifier,Home City,United Arab Emirates,false
2022-05-14,Ivory Coast,Netherlands,2,3,Continental Cup,Home City,Ivory Coast,false
2021-05-10,Brazil,Nigeria,4,0,World Cup,Madrid,Brazil,true
2019-11-11,Italy,Uruguay,2,0,Friendly,Home City,Italy,false
2020-11-04,Switzerland,Jamaica,2,0,Nations League,Home City,Switzerland,false
2021-01-13,Mexico,Tunisia,2,0,World Cup,Doha,Mexico,true
2022-07-10,Wales,Saudi Arabia,2,1,WC Qualifier,Home City,Wales,false
2024-03-26,Algeria,New Zealand,1,0,World Cup,New York,Algeria,true
2020-07-02,Netherlands,Paraguay,4,1,Continental Cup,Home City,Netherlands,false
2022-05-31,South Korea,Algeria,0,4,Continental Cup,Home City,South Korea,false
2018-07-20,Portugal,Uruguay,1,0,World Cup,Doha,Portugal,true
2024-03-24,Panama,Uruguay,0,1,Friendly,Home City,Panama,false
2019-11-06,USA,England,2,3,Continental Cup,Home City,USA,false
2020-08-04,Chile,Colombia,1,2,World Cup,Dubai,Chile,true
2018-06-29,Wales,Jamaica,1,2,Nations League,Home City,Wales,false
2020-02-18,Wales,Jamaica,2,1,World Cup,Dubai,Wales,true
2021-01-11,Morocco,Japan,3,0,World Cup,Madrid,Morocco,true
2024-03-03,Australia,Germany,0,0,Continental Cup,Home City,Australia,false
2025-10-12,Portugal,Panama,3,0,Nations League,Home City,Portugal,false
2021-02-11,USA,Panama,0,0,WC Qualifier,Home City,USA,false
2021-08-29,Colombia,Tunisia,3,2,World Cup,Madrid,Colombia,true
2018-03-11,South Africa,Sweden,0,1,Friendly,Home City,South Africa,false
2019-07-23,Wales,Jamaica,1,2,WC Qualifier,Home City,Wales,false
2024-09-27,Chile,Iraq,2,0,WC Qualifier,Home City,Chile,false
2020-06-29,Iran,Norway,2,1,WC Qualifier,Home City,Iran,false
2020-03-10,Japan,Morocco,3,0,Continental Cup,Home City,Japan,false
2025-04-24,Panama,Iraq,1,1,Nations League,Home City,Panama,false
2023-02-03,Canada,Switzerland,2,2,Friendly,Home City,Canada,false
2021-06-17,Japan,Nigeria,1,0,World Cup,London,Japan,true
2020-08-26,Portugal,Jamaica,0,1,WC Qualifier,Home City,Portugal,false
2026-02-15,Spain,Netherlands,0,0,World Cup,Berlin,Spain,true
2020-02-06,Germany,Switzerland,3,0,WC Qualifier,Home City,Germany,false
2024-08-19,Netherlands,Colombia,1,0,WC Qualifier,Home City,Netherlands,false
2024-06-11,Sweden,Japan,4,1,Nations League,Home City,Sweden,false
2021-09-01,Peru,Iran,2,4,World Cup,Paris,Peru,true
2018-04-18,Iraq,France,1,4,Nations League,Home City,Iraq,false
2024-02-22,Algeria,Netherlands,0,4,Friendly,Home City,Algeria,false
2019-08-15,Panama,Wales,2,0,Friendly,Home City,Panama,false
2018-07-08,Canada,Saudi Arabia,3,0,WC Qualifier,Home City,Canada,false
2025-01-17,Nigeria,Panama,3,1,Continental Cup,Home City,Nigeria,false
2025-11-29,Cameroon,Belgium,0,2,Friendly,Home City,Cameroon,false
2020-09-28,Croatia,Iraq,1,0,Nations League,Home City,Croatia,false
2019-01-11,South Africa,England,0,1,Continental Cup,Home City,South Africa,false
2021-06-27,Colombia,Panama,2,0,World Cup,Paris,Colombia,true
2022-08-20,Peru,Ivory Coast,1,0,Friendly,Home City,Peru,false
2019-06-30,Mexico,England,2,2,Nations League,Home City,Mexico,false
2020-03-27,Paraguay,Wales,1,2,World Cup,New York,Paraguay,true
2024-01-22,Canada,Peru,3,1,Nations League,Home City,Canada,false
2019-10-16,Uruguay,England,4,2,Friendly,Home City,Uruguay,false
2019-08-13,Portugal,France,2,1,WC Qualifier,Home City,Portugal,false
2021-02-08,Italy,Switzerland,2,0,Continental Cup,Home City,Italy,false
2023-01-29,Senegal,Iraq,3,0,Continental Cup,Home City,Senegal,false
2023-04-29,Japan,Sweden,3,1,World Cup,Berlin,Japan,true
2018-03-10,Senegal,Japan,2,0,WC Qualifier,Home City,Senegal,false
2022-12-20,Cameroon,Qatar,3,1,Friendly,Home City,Cameroon,false
2020-09-16,USA,Mexico,3,1,WC Qualifier,Home City,USA,false
2020-09-19,England,Norway,2,0,WC Qualifier,Home City,England,false
2019-08-13,Nigeria,Serbia,1,1,Nations League,Home City,Nigeria,false
2026-01-08,Iran,Tunisia,2,3,Continental Cup,Home City,Iran,false
2021-04-03,South Africa,Uruguay,2,2,Friendly,Home City,South Africa,false
2018-08-06,Germany,Netherlands,2,0,Nations League,Home City,Germany,false
2019-06-28,Uruguay,Germany,3,1,World Cup,Madrid,Uruguay,true
2022-08-14,Peru,Iraq,0,1,Nations League,Home City,Peru,false
2024-02-02,Senegal,USA,3,5,WC Qualifier,Home City,Senegal,false
2024-06-02,Mexico,South Korea,2,1,WC Qualifier,Home City,Mexico,false
2022-02-03,Mexico,South Korea,2,0,Continental Cup,Home City,Mexico,false
2026-01-28,Brazil,Chile,0,0,Continental Cup,Home City,Brazil,false
2024-06-13,Peru,Qatar,2,4,Friendly,Home City,Peru,false
2022-09-10,Colombia,Tunisia,2,1,WC Qualifier,Home City,Colombia,false
2024-01-15,Austria,United Arab Emirates,1,2,Friendly,Home City,Austria,false
2021-10-29,USA,Japan,2,1,Continental Cup,Home City,USA,false
2019-06-09,Iran,Qatar,2,1,Friendly,Home City,Iran,false
2021-11-11,New Zealand,Costa Rica,0,0,Continental Cup,Home City,New Zealand,false
2025-06-23,Wales,Japan,2,0,Continental Cup,Home City,Wales,false
2021-01-15,Japan,Croatia,1,3,Friendly,Home City,Japan,false
2021-12-07,Panama,Portugal,0,0,Continental Cup,Home City,Panama,false
2024-08-07,Tunisia,Canada,0,0,Continental Cup,Home City,Tunisia,false
2023-03-01,Cameroon,Ivory Coast,3,0,Nations League,Home City,Cameroon,false
2024-11-08,Chile,Qatar,2,0,World Cup,Doha,Chile,true
2019-04-05,Chile,Algeria,1,1,Friendly,Home City,Chile,false
2018-06-25,New Zealand,Egypt,0,3,Nations League,Home City,New Zealand,false
2023-06-28,Egypt,Ivory Coast,4,0,Nations League,Home City,Egypt,false
2021-03-21,South Korea,Chile,0,1,World Cup,Madrid,South Korea,true
2020-11-13,Sweden,South Africa,1,0,Nations League,Home City,Sweden,false
2022-12-26,Portugal,South Korea,1,0,WC Qualifier,Home City,Portugal,false
2021-06-02,Colombia,Canada,4,0,Nations League,Home City,Colombia,false
2019-05-22,Spain,Portugal,2,1,WC Qualifier,Home City,Spain,false
2023-02-21,Chile,USA,1,0,Friendly,Home City,Chile,false
2019-02-14,New Zealand,Wales,1,2,Continental Cup,Home City,New Zealand,false
2021-07-19,Iran,Colombia,0,0,Continental Cup,Home City,Iran,false
2024-08-15,Croatia,Mexico,2,2,WC Qualifier,Home City,Croatia,false
2020-05-10,New Zealand,Uruguay,2,4,WC Qualifier,Home City,New Zealand,false
2023-07-22,South Korea,Mexico,2,2,Nations League,Home City,South Korea,false
2025-03-19,Iran,Sweden,3,0,World Cup,Doha,Iran,true
2023-05-27,Netherlands,Belgium,2,0,WC Qualifier,Home City,Netherlands,false
2022-07-06,Morocco,Chile,3,1,World Cup,Doha,Morocco,true
2019-02-05,South Korea,Australia,2,1,Nations League,Home City,South Korea,false
2020-05-01,Germany,United Arab Emirates,2,1,WC Qualifier,Home City,Germany,false
2022-03-26,Germany,Paraguay,4,0,Nations League,Home City,Germany,false
2024-12-31,Brazil,Qatar,5,0,Nations League,Home City,Brazil,false
2022-03-05,Panama,Austria,2,2,Continental Cup,Home City,Panama,false
2024-03-20,Croatia,Peru,3,0,World Cup,Dubai,Croatia,true
2021-04-07,Tunisia,Croatia,1,0,Continental Cup,Home City,Tunisia,false
2020-04-22,Peru,Nigeria,0,1,World Cup,Doha,Peru,true
2024-06-27,Qatar,Japan,1,0,World Cup,New York,Qatar,true
2021-10-25,Belgium,Cameroon,2,0,WC Qualifier,Home City,Belgium,false
2025-09-01,Italy,Portugal,2,2,Continental Cup,Home City,Italy,false
2024-05-29,Tunisia,United Arab Emirates,0,1,Continental Cup,Home City,Tunisia,false
2022-08-26,Germany,Egypt,4,0,Continental Cup,Home City,Germany,false
2023-10-05,Panama,United Arab Emirates,1,2,Continental Cup,Home City,Panama,false
2019-08-19,Croatia,Germany,1,1,Continental Cup,Home City,Croatia,false
2019-09-10,England,Italy,1,0,Friendly,Home City,England,false
2019-10-14,Colombia,Sweden,1,0,World Cup,Dubai,Colombia,true
2022-10-03,Portugal,Morocco,0,0,Friendly,Home City,Portugal,false
2018-09-20,Morocco,Iran,1,0,Nations League,Home City,Morocco,false
2019-10-28,Mexico,Portugal,0,3,WC Qualifier,Home City,Mexico,false
2023-10-25,Switzerland,Colombia,1,1,WC Qualifier,Home City,Switzerland,false
2023-05-26,Chile,Brazil,1,3,World Cup,Doha,Chile,true
2024-03-25,Uruguay,Wales,2,0,Nations League,Home City,Uruguay,false
2025-06-04,Austria,Egypt,1,1,Nations League,Home City,Austria,false
2019-02-19,England,Colombia,4,1,Friendly,Home City,England,false
2019-10-22,United Arab Emirates,Spain,0,5,WC Qualifier,Home City,United Arab Emirates,false
2018-03-18,Peru,Mexico,0,4,WC Qualifier,Home City,Peru,false
2021-03-09,Wales,Japan,1,0,Friendly,Home City,Wales,false
2018-07-30,Denmark,Austria,2,1,Continental Cup,Home City,Denmark,false
2023-06-06,Croatia,Netherlands,4,1,WC Qualifier,Home City,Croatia,false
2025-03-31,Peru,Cameroon,0,1,Continental Cup,Home City,Peru,false
2024-01-06,Mexico,New Zealand,8,1,World Cup,Sydney,Mexico,true
2021-07-15,United Arab Emirates,England,0,2,Friendly,Home City,United Arab Emirates,false
2021-03-01,Colombia,USA,3,2,Continental Cup,Home City,Colombia,false
2025-07-27,Sweden,France,0,4,WC Qualifier,Home City,Sweden,false
2019-02-25,Panama,Brazil,0,3,Continental Cup,Home City,Panama,false
2023-01-26,Germany,Iraq,4,0,Friendly,Home City,Germany,false
2019-12-31,United Arab Emirates,Costa Rica,3,1,WC Qualifier,Home City,United Arab Emirates,false
2022-05-31,Italy,Paraguay,1,1,WC Qualifier,Home City,Italy,false
2021-11-27,Colombia,Sweden,4,0,WC Qualifier,Home City,Colombia,false
2025-08-05,Costa Rica,Tunisia,1,1,Continental Cup,Home City,Costa Rica,false
2022-07-28,Cameroon,Panama,0,1,Nations League,Home City,Cameroon,false
2022-03-19,New Zealand,Iran,2,0,Continental Cup,Home City,New Zealand,false
2023-03-22,Serbia,Portugal,0,1,Friendly,Home City,Serbia,false
2024-02-02,New Zealand,Uruguay,0,1,Nations League,Home City,New Zealand,false
2022-05-15,Qatar,Switzerland,2,1,Friendly,Home City,Qatar,false
2020-04-19,Senegal,Italy,2,1,WC Qualifier,Home City,Senegal,false
2022-01-23,Austria,Brazil,1,2,World Cup,New York,Austria,true
2018-05-08,Cameroon,Australia,0,2,WC Qualifier,Home City,Cameroon,false
2022-08-31,Spain,Panama,6,0,World Cup,Paris,Spain,true
2026-04-18,Uruguay,Argentina,0,1,Continental Cup,Home City,Uruguay,false
2019-12-14,England,United Arab Emirates,2,0,Friendly,Home City,England,false
2024-07-30,Tunisia,Italy,0,0,World Cup,Doha,Tunisia,true
2025-03-11,Serbia,Belgium,1,5,World Cup,Doha,Serbia,true
2025-09-23,Mexico,Egypt,3,1,Nations League,Home City,Mexico,false
2019-02-23,Japan,Algeria,1,1,Nations League,Home City,Japan,false
2025-02-06,Japan,Iraq,2,0,Continental Cup,Home City,Japan,false
2025-04-19,Brazil,Austria,1,0,Nations League,Home City,Brazil,false
2019-04-10,Japan,Croatia,2,0,Continental Cup,Home City,Japan,false
2020-03-18,England,Australia,2,1,Nations League,Home City,England,false
2019-07-05,Italy,Sweden,3,2,World Cup,London,Italy,true
2022-04-17,Denmark,Italy,0,2,World Cup,Sydney,Denmark,true
2021-05-06,France,Saudi Arabia,0,1,Friendly,Home City,France,false
2021-09-18,Algeria,Sweden,5,3,World Cup,New York,Algeria,true
2024-08-13,Qatar,USA,0,1,WC Qualifier,Home City,Qatar,false
2021-12-19,New Zealand,Colombia,0,4,World Cup,London,New Zealand,true
2023-12-17,Tunisia,South Korea,2,0,WC Qualifier,Home City,Tunisia,false
2023-05-14,Nigeria,Argentina,1,1,Friendly,Home City,Nigeria,false
2022-08-09,Panama,Algeria,1,0,Friendly,Home City,Panama,false
2018-08-31,Jamaica,Denmark,0,2,World Cup,Berlin,Jamaica,true
2022-11-12,Ivory Coast,Japan,2,1,World Cup,Madrid,Ivory Coast,true
2020-04-19,Saudi Arabia,Jamaica,1,1,WC Qualifier,Home City,Saudi Arabia,false
2019-01-08,New Zealand,Saudi Arabia,1,1,World Cup,Paris,New Zealand,true
2026-04-20,Mexico,Croatia,0,0,WC Qualifier,Home City,Mexico,false
2018-12-13,Tunisia,Mexico,0,0,Friendly,Home City,Tunisia,false
2024-10-30,Peru,Egypt,2,1,WC Qualifier,Home City,Peru,false
2020-04-16,Argentina,Iraq,3,0,World Cup,Madrid,Argentina,true
2026-05-11,Sweden,Denmark,3,0,Continental Cup,Home City,Sweden,false
2025-01-30,Egypt,Portugal,0,0,Nations League,Home City,Egypt,false
2022-09-13,New Zealand,Jamaica,0,3,Friendly,Home City,New Zealand,false
2018-12-14,Canada,Morocco,4,2,WC Qualifier,Home City,Canada,false
2022-03-29,Uruguay,South Korea,0,0,Friendly,Home City,Uruguay,false
2018-09-01,Saudi Arabia,Belgium,0,2,Continental Cup,Home City,Saudi Arabia,false
2023-07-04,South Africa,Denmark,0,0,Nations League,Home City,South Africa,false
2021-07-31,South Africa,Denmark,3,1,World Cup,New York,South Africa,true
2024-06-30,Switzerland,Austria,2,0,WC Qualifier,Home City,Switzerland,false
2020-03-18,Japan,Tunisia,0,1,Continental Cup,Home City,Japan,false
2021-06-02,Jamaica,Japan,2,3,World Cup,Paris,Jamaica,true
2024-08-09,Norway,South Korea,1,1,Nations League,Home City,Norway,false
2022-12-19,Saudi Arabia,Tunisia,2,0,Nations League,Home City,Saudi Arabia,false
2025-12-21,Peru,Italy,1,0,Continental Cup,Home City,Peru,false
2025-06-29,Peru,Ecuador,2,2,Friendly,Home City,Peru,false
2023-10-05,Saudi Arabia,Algeria,1,0,WC Qualifier,Home City,Saudi Arabia,false
2022-10-19,Chile,Norway,1,2,WC Qualifier,Home City,Chile,false
2019-12-16,Sweden,Jamaica,4,0,Nations League,Home City,Sweden,false
2024-03-05,South Africa,England,1,3,World Cup,Paris,South Africa,true
2019-08-22,Belgium,Tunisia,3,0,Friendly,Home City,Belgium,false
2020-10-06,Ivory Coast,Costa Rica,1,2,World Cup,New York,Ivory Coast,true
2019-08-15,Morocco,Germany,3,0,Continental Cup,Home City,Morocco,false
2026-04-05,United Arab Emirates,Switzerland,2,2,Continental Cup,Home City,United Arab Emirates,false
2018-04-14,Egypt,Paraguay,4,0,Nations League,Home City,Egypt,false
2025-04-01,Saudi Arabia,Serbia,1,1,WC Qualifier,Home City,Saudi Arabia,false
2023-01-30,Italy,South Africa,1,0,Nations League,Home City,Italy,false
2023-07-13,Costa Rica,Argentina,0,6,World Cup,Dubai,Costa Rica,true
2023-11-14,Colombia,Nigeria,4,1,WC Qualifier,Home City,Colombia,false
2024-03-02,Austria,Nigeria,2,1,WC Qualifier,Home City,Austria,false
2026-04-06,Egypt,Senegal,2,2,Continental Cup,Home City,Egypt,false
2019-09-18,Netherlands,Panama,2,0,Friendly,Home City,Netherlands,false
2018-03-30,Switzerland,Austria,0,2,Friendly,Home City,Switzerland,false
2023-09-01,Australia,Iran,2,2,Nations League,Home City,Australia,false
2024-10-27,Iran,Netherlands,1,0,World Cup,New York,Iran,true
2019-03-16,Uruguay,Egypt,0,1,WC Qualifier,Home City,Uruguay,false
2025-02-18,Chile,Panama,2,0,Continental Cup,Home City,Chile,false
2025-09-16,Croatia,South Korea,0,0,Nations League,Home City,Croatia,false
2021-07-01,Serbia,Germany,2,1,Continental Cup,Home City,Serbia,false
2023-01-27,Cameroon,England,1,2,Continental Cup,Home City,Cameroon,false
2021-12-26,Serbia,Algeria,3,1,Continental Cup,Home City,Serbia,false
2025-06-14,Colombia,Croatia,0,0,Friendly,Home City,Colombia,false
2024-05-08,Egypt,Uruguay,0,2,Continental Cup,Home City,Egypt,false
2019-10-18,England,Australia,2,0,Continental Cup,Home City,England,false
2024-01-01,Mexico,Costa Rica,3,1,Nations League,Home City,Mexico,false
2024-10-16,Morocco,Austria,1,0,World Cup,Madrid,Morocco,true
2020-11-16,Spain,England,3,0,Nations League,Home City,Spain,false
2019-03-14,Netherlands,Wales,1,1,Continental Cup,Home City,Netherlands,false
2022-05-21,Chile,Nigeria,1,2,World Cup,Berlin,Chile,true
2023-08-11,Switzerland,Uruguay,2,3,Nations League,Home City,Switzerland,false
2021-03-25,Qatar,Canada,1,0,Nations League,Home City,Qatar,false
2018-06-29,USA,New Zealand,3,0,Nations League,Home City,USA,false
2022-10-11,Germany,Denmark,1,0,Continental Cup,Home City,Germany,false
2026-04-20,Saudi Arabia,Germany,1,0,WC Qualifier,Home City,Saudi Arabia,false
2026-02-12,Paraguay,Croatia,1,2,WC Qualifier,Home City,Paraguay,false
2019-07-18,Australia,South Africa,2,3,Continental Cup,Home City,Australia,false
2022-01-16,Algeria,Peru,0,3,Friendly,Home City,Algeria,false
2026-02-10,Peru,Mexico,2,1,WC Qualifier,Home City,Peru,false
2021-01-11,Chile,Ivory Coast,4,0,Nations League,Home City,Chile,false
2025-02-19,Cameroon,Ecuador,3,1,Friendly,Home City,Cameroon,false
2022-01-05,Sweden,Ivory Coast,3,0,WC Qualifier,Home City,Sweden,false
2025-12-31,Tunisia,Ivory Coast,2,2,World Cup,Dubai,Tunisia,true
2023-09-09,Costa Rica,Japan,1,2,Continental Cup,Home City,Costa Rica,false
2023-06-01,South Africa,Senegal,1,2,Nations League,Home City,South Africa,false
2024-11-30,Saudi Arabia,Nigeria,5,2,Continental Cup,Home City,Saudi Arabia,false
2019-05-31,Croatia,Ecuador,3,0,Friendly,Home City,Croatia,false
2024-03-16,Colombia,Denmark,2,0,Friendly,Home City,Colombia,false
2019-07-09,South Korea,United Arab Emirates,6,0,Continental Cup,Home City,South Korea,false
2019-03-20,Tunisia,Panama,2,2,Continental Cup,Home City,Tunisia,false
2025-09-15,USA,South Korea,1,2,WC Qualifier,Home City,USA,false
2022-03-30,Chile,Peru,2,1,WC Qualifier,Home City,Chile,false
2020-12-11,Australia,South Africa,4,1,Nations League,Home City,Australia,false
2025-09-04,Senegal,Colombia,0,2,Nations League,Home City,Senegal,false
2025-01-23,South Korea,Sweden,5,3,World Cup,London,South Korea,true
2024-11-08,Ivory Coast,Colombia,1,6,Nations League,Home City,Ivory Coast,false
2024-07-16,Germany,Denmark,2,0,Friendly,Home City,Germany,false
2018-09-26,Denmark,Paraguay,3,0,Nations League,Home City,Denmark,false
2025-08-06,Switzerland,Denmark,0,1,WC Qualifier,Home City,Switzerland,false
2025-09-23,Paraguay,Germany,0,0,Nations League,Home City,Paraguay,false
2021-04-21,Morocco,Portugal,1,2,World Cup,Doha,Morocco,true
2021-06-26,England,Iran,2,1,WC Qualifier,Home City,England,false
2019-05-23,Portugal,Chile,1,0,WC Qualifier,Home City,Portugal,false
2018-07-15,England,Panama,4,0,Continental Cup,Home City,England,false
2020-01-27,Portugal,Austria,2,0,Continental Cup,Home City,Portugal,false
2021-04-24,Uruguay,Netherlands,0,3,Nations League,Home City,Uruguay,false
2019-07-18,Nigeria,Croatia,2,2,Continental Cup,Home City,Nigeria,false
2018-01-14,Denmark,New Zealand,2,0,Continental Cup,Home City,Denmark,false
2020-12-23,Portugal,United Arab Emirates,1,0,WC Qualifier,Home City,Portugal,false
2022-05-04,Belgium,Iraq,2,1,Nations League,Home City,Belgium,false
2025-06-26,Switzerland,Austria,1,1,Friendly,Home City,Switzerland,false
2025-02-25,Croatia,Denmark,3,2,Nations League,Home City,Croatia,false
2024-09-30,Netherlands,Croatia,3,1,Nations League,Home City,Netherlands,false
2019-03-01,Saudi Arabia,Ivory Coast,0,2,Nations League,Home City,Saudi Arabia,false
2022-02-23,Italy,Austria,2,0,World Cup,Dubai,Italy,true
2020-07-05,Sweden,Norway,2,1,Friendly,Home City,Sweden,false
2024-07-27,Sweden,Egypt,2,1,Continental Cup,Home City,Sweden,false
2019-10-28,South Korea,Algeria,1,2,Nations League,Home City,South Korea,false
2019-08-19,Nigeria,Argentina,0,2,World Cup,Madrid,Nigeria,true
2024-09-29,Portugal,Costa Rica,1,0,Nations League,Home City,Portugal,false
2026-02-10,Uruguay,Austria,0,2,WC Qualifier,Home City,Uruguay,false
2022-10-30,Panama,Tunisia,3,0,WC Qualifier,Home City,Panama,false
2019-05-03,Jamaica,Australia,2,1,Nations League,Home City,Jamaica,false
2020-01-25,Cameroon,Egypt,4,2,Nations League,Home City,Cameroon,false
2021-03-31,South Africa,Nigeria,0,3,WC Qualifier,Home City,South Africa,false
2021-10-31,Canada,Belgium,1,2,Nations League,Home City,Canada,false
2019-02-14,Sweden,United Arab Emirates,2,1,Friendly,Home City,Sweden,false
2024-03-30,Algeria,Panama,0,0,Nations League,Home City,Algeria,false
2025-09-22,Algeria,Uruguay,3,1,Nations League,Home City,Algeria,false
2026-05-12,Panama,United Arab Emirates,2,3,Friendly,Home City,Panama,false
2018-08-29,United Arab Emirates,Australia,3,3,Nations League,Home City,United Arab Emirates,false
2024-03-19,South Korea,Saudi Arabia,1,1,Friendly,Home City,South Korea,false
2021-04-17,Nigeria,Canada,2,0,World Cup,Sydney,Nigeria,true
2023-01-04,Uruguay,USA,0,0,Friendly,Home City,Uruguay,false
2020-07-27,Tunisia,Nigeria,2,1,World Cup,Doha,Tunisia,true
2020-09-20,Peru,Panama,4,1,Continental Cup,Home City,Peru,false
2019-08-08,England,Colombia,2,3,WC Qualifier,Home City,England,false
2025-06-18,Spain,Panama,2,0,Friendly,Home City,Spain,false
2024-08-21,Austria,Argentina,0,1,Friendly,Home City,Austria,false
2022-11-12,Germany,USA,0,1,World Cup,Doha,Germany,true
2025-10-20,Denmark,England,1,3,WC Qualifier,Home City,Denmark,false
2026-01-21,Chile,Argentina,0,0,World Cup,Doha,Chile,true
2022-11-14,Wales,Denmark,0,1,Nations League,Home City,Wales,false
2023-02-24,Saudi Arabia,Sweden,2,1,World Cup,Madrid,Saudi Arabia,true
2023-06-20,South Africa,Portugal,0,2,Continental Cup,Home City,South Africa,false
2020-05-29,Japan,Costa Rica,5,1,WC Qualifier,Home City,Japan,false
2025-06-23,Portugal,Serbia,4,1,WC Qualifier,Home City,Portugal,false
2023-11-30,Iran,Croatia,0,0,Friendly,Home City,Iran,false
2019-04-19,Peru,Iraq,2,0,Nations League,Home City,Peru,false
2024-02-29,Austria,Italy,0,2,World Cup,Sydney,Austria,true
2019-12-01,Spain,New Zealand,1,0,WC Qualifier,Home City,Spain,false
2023-01-01,Austria,Mexico,0,1,World Cup,Doha,Austria,true
2025-08-12,Japan,Egypt,0,2,World Cup,Paris,Japan,true
2024-02-06,Chile,Nigeria,2,2,Nations League,Home City,Chile,false
2022-10-11,Senegal,Wales,2,3,World Cup,Madrid,Senegal,true
2020-09-30,Colombia,South Korea,0,1,WC Qualifier,Home City,Colombia,false
2018-08-15,Spain,United Arab Emirates,5,1,Continental Cup,Home City,Spain,false
2023-12-19,Germany,Argentina,0,1,World Cup,New York,Germany,true
2019-03-30,South Korea,Australia,1,0,Continental Cup,Home City,South Korea,false
2022-08-23,Austria,Morocco,0,3,Friendly,Home City,Austria,false
2020-09-16,Australia,Austria,2,2,Continental Cup,Home City,Australia,false
2023-06-02,USA,Sweden,2,0,Friendly,Home City,USA,false
2025-08-16,Ecuador,Egypt,0,1,Friendly,Home City,Ecuador,false
2023-10-13,Australia,France,1,1,Friendly,Home City,Australia,false
2021-10-18,Brazil,Peru,3,0,Continental Cup,Home City,Brazil,false
2018-01-03,New Zealand,Egypt,0,3,Friendly,Home City,New Zealand,false
2021-01-04,South Africa,Ivory Coast,1,2,Continental Cup,Home City,South Africa,false
2018-02-06,Wales,Brazil,0,1,Continental Cup,Home City,Wales,false
2020-03-13,South Africa,France,0,1,Nations League,Home City,South Africa,false
2025-06-24,Spain,Nigeria,2,1,Friendly,Home City,Spain,false
2023-09-24,Tunisia,Switzerland,2,1,World Cup,Sydney,Tunisia,true
2022-03-31,Iran,Chile,1,1,World Cup,Doha,Iran,true
2021-08-20,Ecuador,Egypt,3,0,WC Qualifier,Home City,Ecuador,false
2025-08-24,Iraq,New Zealand,2,0,WC Qualifier,Home City,Iraq,false
2023-07-28,Jamaica,Egypt,2,0,Continental Cup,Home City,Jamaica,false
2024-11-11,Iraq,Ecuador,0,1,Continental Cup,Home City,Iraq,false
2020-02-07,Chile,Saudi Arabia,1,0,WC Qualifier,Home City,Chile,false
2020-03-21,Iraq,Tunisia,2,2,Continental Cup,Home City,Iraq,false
2022-11-04,Nigeria,Tunisia,1,0,Nations League,Home City,Nigeria,false
2025-09-20,Australia,Germany,2,2,Nations League,Home City,Australia,false
2019-09-28,Belgium,Japan,2,2,World Cup,New York,Belgium,true
2020-01-20,Iran,Denmark,1,0,WC Qualifier,Home City,Iran,false
2023-06-09,Belgium,Sweden,1,0,Continental Cup,Home City,Belgium,false
2021-06-12,Egypt,Japan,2,1,WC Qualifier,Home City,Egypt,false
2023-02-23,Austria,Denmark,3,1,World Cup,Doha,Austria,true
2021-07-28,Spain,Mexico,1,0,WC Qualifier,Home City,Spain,false
2026-02-22,New Zealand,Switzerland,0,0,World Cup,Paris,New Zealand,true
2024-06-08,Switzerland,Sweden,4,3,World Cup,Sydney,Switzerland,true
2019-09-29,Norway,Portugal,3,0,WC Qualifier,Home City,Norway,false
2024-01-01,Paraguay,Uruguay,3,0,WC Qualifier,Home City,Paraguay,false
2019-01-07,Egypt,Sweden,0,0,World Cup,Berlin,Egypt,true
2020-11-12,Brazil,Algeria,2,0,World Cup,Doha,Brazil,true
2024-07-06,Brazil,Germany,1,0,World Cup,Paris,Brazil,true
2019-08-20,Argentina,Saudi Arabia,1,0,Continental Cup,Home City,Argentina,false
2023-07-19,United Arab Emirates,Norway,4,2,Friendly,Home City,United Arab Emirates,false
2022-01-01,United Arab Emirates,Qatar,1,2,Nations League,Home City,United Arab Emirates,false
2020-09-17,Wales,USA,2,1,Nations League,Home City,Wales,false
2018-03-23,Egypt,Senegal,1,2,Friendly,Home City,Egypt,false
2025-02-02,Ivory Coast,Japan,1,0,WC Qualifier,Home City,Ivory Coast,false
2019-09-15,Cameroon,Ivory Coast,1,1,Continental Cup,Home City,Cameroon,false
2019-03-23,Ivory Coast,South Korea,0,1,World Cup,Berlin,Ivory Coast,true
2021-11-21,Norway,Brazil,1,1,Continental Cup,Home City,Norway,false
2025-07-12,Portugal,Belgium,2,2,World Cup,London,Portugal,true
2019-08-25,Brazil,South Korea,0,2,Nations League,Home City,Brazil,false
2025-08-09,Switzerland,Brazil,0,0,Nations League,Home City,Switzerland,false
2021-02-20,Denmark,South Africa,0,0,Nations League,Home City,Denmark,false
2020-06-07,Tunisia,France,1,0,WC Qualifier,Home City,Tunisia,false
2022-02-26,USA,Morocco,1,1,Friendly,Home City,USA,false
2018-01-13,Austria,Chile,2,1,Continental Cup,Home City,Austria,false
2024-10-12,Peru,Denmark,0,0,WC Qualifier,Home City,Peru,false
2019-12-23,Jamaica,Switzerland,1,1,Continental Cup,Home City,Jamaica,false
2020-03-07,Iran,Argentina,0,1,Friendly,Home City,Iran,false
2022-11-22,Wales,Egypt,0,0,WC Qualifier,Home City,Wales,false
2021-09-01,Portugal,Canada,3,1,WC Qualifier,Home City,Portugal,false
2019-09-01,Morocco,Panama,1,0,Continental Cup,Home City,Morocco,false
2018-06-29,Saudi Arabia,Italy,0,0,WC Qualifier,Home City,Saudi Arabia,false
2022-12-20,Nigeria,Canada,1,2,Friendly,Home City,Nigeria,false
2022-12-16,Egypt,Spain,0,1,World Cup,London,Egypt,true
2018-08-10,France,Wales,3,0,Nations League,Home City,France,false
2022-09-20,Cameroon,Sweden,0,1,World Cup,New York,Cameroon,true
2020-03-11,Japan,Panama,3,0,Friendly,Home City,Japan,false
2020-07-08,Morocco,USA,3,1,Nations League,Home City,Morocco,false
2019-02-26,Serbia,Paraguay,1,0,Friendly,Home City,Serbia,false
2019-10-11,Wales,Iraq,1,1,World Cup,Madrid,Wales,true
2022-06-10,Jamaica,Netherlands,0,2,Continental Cup,Home City,Jamaica,false
2023-06-13,Ecuador,New Zealand,1,0,WC Qualifier,Home City,Ecuador,false
2022-04-29,Ivory Coast,Costa Rica,2,0,World Cup,London,Ivory Coast,true
2023-03-09,Chile,France,0,3,Nations League,Home City,Chile,false
2022-09-02,Japan,Paraguay,3,0,Friendly,Home City,Japan,false
2018-10-10,Argentina,Belgium,3,0,Nations League,Home City,Argentina,false
2026-03-08,Paraguay,Denmark,0,1,Continental Cup,Home City,Paraguay,false
2019-08-07,Saudi Arabia,Switzerland,3,0,Nations League,Home City,Saudi Arabia,false
2025-07-25,Brazil,Paraguay,4,0,WC Qualifier,Home City,Brazil,false
2022-02-04,United Arab Emirates,Ecuador,0,5,Continental Cup,Home City,United Arab Emirates,false
2020-09-25,Australia,Sweden,2,0,Continental Cup,Home City,Australia,false
2022-10-01,Austria,Croatia,3,1,Continental Cup,Home City,Austria,false
2020-01-22,Chile,Costa Rica,2,0,Friendly,Home City,Chile,false
2025-06-27,Norway,England,3,0,Continental Cup,Home City,Norway,false
2019-08-31,Spain,United Arab Emirates,6,0,WC Qualifier,Home City,Spain,false
2019-12-21,Uruguay,Jamaica,1,0,WC Qualifier,Home City,Uruguay,false
2024-10-05,Cameroon,Iran,2,3,Continental Cup,Home City,Cameroon,false
2018-01-19,Uruguay,Chile,0,0,WC Qualifier,Home City,Uruguay,false
2019-04-03,New Zealand,Australia,2,1,Continental Cup,Home City,New Zealand,false
2019-05-13,Saudi Arabia,Switzerland,0,0,WC Qualifier,Home City,Saudi Arabia,false
2019-05-18,Netherlands,New Zealand,2,0,Continental Cup,Home City,Netherlands,false
2023-01-12,Italy,Egypt,1,1,Nations League,Home City,Italy,false
2021-02-12,New Zealand,Senegal,2,1,WC Qualifier,Home City,New Zealand,false
2019-04-01,Denmark,Qatar,5,0,Friendly,Home City,Denmark,false
2023-08-08,Tunisia,Uruguay,3,1,Nations League,Home City,Tunisia,false
2018-02-10,Costa Rica,Paraguay,1,1,Continental Cup,Home City,Costa Rica,false
2024-01-17,South Africa,Colombia,2,3,World Cup,New York,South Africa,true
2025-11-21,New Zealand,Cameroon,2,1,World Cup,Berlin,New Zealand,true
2025-07-23,Paraguay,Croatia,1,2,World Cup,Madrid,Paraguay,true
2021-07-28,Wales,United Arab Emirates,4,0,World Cup,Dubai,Wales,true
2019-09-11,South Korea,Morocco,4,1,Continental Cup,Home City,South Korea,false
2020-06-03,Croatia,Spain,1,2,Nations League,Home City,Croatia,false
2021-09-15,Wales,Argentina,0,3,Continental Cup,Home City,Wales,false
2022-05-18,Iraq,Tunisia,3,1,World Cup,Paris,Iraq,true
2023-03-19,Argentina,Australia,1,0,Friendly,Home City,Argentina,false
2025-06-10,Sweden,Japan,2,0,Friendly,Home City,Sweden,false
2020-05-23,Switzerland,Cameroon,1,0,WC Qualifier,Home City,Switzerland,false
2024-04-15,Chile,Uruguay,4,0,Continental Cup,Home City,Chile,false
2020-08-05,Croatia,New Zealand,6,1,Friendly,Home City,Croatia,false
2022-10-30,Croatia,Serbia,3,1,Friendly,Home City,Croatia,false
2022-01-13,Austria,France,2,0,Continental Cup,Home City,Austria,false
2019-09-12,Italy,Tunisia,0,0,Friendly,Home City,Italy,false
2020-01-16,Austria,Japan,1,1,Friendly,Home City,Austria,false
2023-01-10,Uruguay,England,0,2,Friendly,Home City,Uruguay,false
2019-05-29,Ivory Coast,Panama,1,1,World Cup,Paris,Ivory Coast,true
2021-01-12,Jamaica,Mexico,2,0,Friendly,Home City,Jamaica,false
2025-01-07,Croatia,Brazil,2,3,Continental Cup,Home City,Croatia,false
2025-01-04,Mexico,Serbia,2,1,Continental Cup,Home City,Mexico,false
2018-07-06,Morocco,Uruguay,1,1,Continental Cup,Home City,Morocco,false
2022-02-06,Sweden,United Arab Emirates,2,2,WC Qualifier,Home City,Sweden,false
2024-03-14,Colombia,Panama,1,0,World Cup,Paris,Colombia,true
2022-05-31,Colombia,Chile,2,1,World Cup,Paris,Colombia,true
2025-07-22,Uruguay,Portugal,0,1,World Cup,Dubai,Uruguay,true
2021-08-31,Ivory Coast,Canada,1,2,Nations League,Home City,Ivory Coast,false
2025-10-02,Uruguay,Morocco,0,0,World Cup,Berlin,Uruguay,true
2019-10-20,Portugal,Italy,4,1,Continental Cup,Home City,Portugal,false
2024-10-20,United Arab Emirates,Uruguay,1,1,WC Qualifier,Home City,United Arab Emirates,false
2018-05-17,Wales,Austria,1,3,World Cup,Doha,Wales,true
2020-02-28,Ivory Coast,United Arab Emirates,2,2,Friendly,Home City,Ivory Coast,false
2019-05-03,France,Chile,3,0,World Cup,Madrid,France,true
2022-05-25,Iran,Cameroon,2,1,Nations League,Home City,Iran,false
2019-10-26,Mexico,New Zealand,1,1,Friendly,Home City,Mexico,false
2024-07-31,Sweden,Japan,3,4,Nations League,Home City,Sweden,false
2026-04-24,Costa Rica,Colombia,0,2,Continental Cup,Home City,Costa Rica,false
2018-12-26,Saudi Arabia,New Zealand,3,0,Friendly,Home City,Saudi Arabia,false
2019-07-09,Wales,Norway,1,2,Continental Cup,Home City,Wales,false
2019-09-17,Japan,United Arab Emirates,1,1,Nations League,Home City,Japan,false
2019-07-05,Chile,Germany,1,0,WC Qualifier,Home City,Chile,false
2022-03-16,Iraq,Morocco,1,0,WC Qualifier,Home City,Iraq,false
2023-09-06,Austria,Japan,1,1,WC Qualifier,Home City,Austria,false
2019-09-23,Colombia,Japan,4,2,Continental Cup,Home City,Colombia,false
2020-01-28,Serbia,France,0,2,Friendly,Home City,Serbia,false
2021-07-05,Australia,Norway,1,2,WC Qualifier,Home City,Australia,false
2019-11-09,Sweden,Brazil,0,2,WC Qualifier,Home City,Sweden,false
2020-04-20,Senegal,Japan,1,1,Friendly,Home City,Senegal,false
2021-06-05,France,Croatia,0,0,World Cup,Berlin,France,true
2024-01-03,Algeria,Nigeria,1,1,Friendly,Home City,Algeria,false
2018-12-23,Morocco,Iran,1,1,World Cup,New York,Morocco,true
2018-02-12,Brazil,USA,4,0,WC Qualifier,Home City,Brazil,false
2021-11-09,France,United Arab Emirates,3,1,World Cup,Sydney,France,true
2023-12-13,Italy,Ivory Coast,0,0,Continental Cup,Home City,Italy,false
2022-08-03,Costa Rica,Peru,0,1,WC Qualifier,Home City,Costa Rica,false
2018-11-19,Japan,Serbia,2,3,Friendly,Home City,Japan,false
2019-06-14,Nigeria,Australia,1,0,Nations League,Home City,Nigeria,false
2024-03-08,Austria,Colombia,7,1,Nations League,Home City,Austria,false
2025-01-20,Netherlands,Italy,3,2,World Cup,New York,Netherlands,true
2024-04-17,Canada,Brazil,0,1,WC Qualifier,Home City,Canada,false
2024-05-08,Tunisia,Croatia,0,2,Continental Cup,Home City,Tunisia,false
2019-11-24,Argentina,Norway,2,0,WC Qualifier,Home City,Argentina,false
2024-09-07,Australia,Brazil,1,4,World Cup,New York,Australia,true
2018-12-07,Canada,New Zealand,4,0,Continental Cup,Home City,Canada,false
2019-01-21,Colombia,France,2,1,World Cup,New York,Colombia,true
2022-11-01,Chile,Switzerland,2,3,WC Qualifier,Home City,Chile,false
2018-05-14,Senegal,Norway,0,0,Friendly,Home City,Senegal,false
2024-08-09,Colombia,New Zealand,1,0,WC Qualifier,Home City,Colombia,false
2019-03-16,Uruguay,Iraq,3,1,WC Qualifier,Home City,Uruguay,false
2019-07-20,Denmark,Croatia,1,0,Continental Cup,Home City,Denmark,false
2022-02-21,Qatar,Ivory Coast,1,1,WC Qualifier,Home City,Qatar,false
2024-11-30,Belgium,Austria,2,1,Continental Cup,Home City,Belgium,false
2023-02-22,Switzerland,Iraq,1,0,Nations League,Home City,Switzerland,false
2024-08-31,South Korea,England,1,1,World Cup,Doha,South Korea,true
2026-03-13,Switzerland,New Zealand,2,1,Nations League,Home City,Switzerland,false
2018-03-20,Norway,Italy,1,2,World Cup,Dubai,Norway,true
2020-07-17,Egypt,Qatar,3,1,Continental Cup,Home City,Egypt,false
2018-03-03,Belgium,Wales,2,0,Friendly,Home City,Belgium,false
2021-08-01,United Arab Emirates,Denmark,1,1,Continental Cup,Home City,United Arab Emirates,false
2020-12-08,Algeria,Jamaica,0,2,Friendly,Home City,Algeria,false
2023-05-30,New Zealand,Belgium,1,4,Nations League,Home City,New Zealand,false
2021-01-23,Wales,Croatia,1,3,Continental Cup,Home City,Wales,false
2019-12-07,Peru,Iraq,3,0,Nations League,Home City,Peru,false
2024-01-07,Portugal,Morocco,3,0,Friendly,Home City,Portugal,false
2025-07-13,Brazil,Switzerland,1,0,WC Qualifier,Home City,Brazil,false
2024-02-09,Panama,Portugal,0,1,World Cup,Doha,Panama,true
2018-12-09,Iran,Germany,0,2,World Cup,New York,Iran,true
2024-03-19,Argentina,Paraguay,6,0,Continental Cup,Home City,Argentina,false
2019-08-26,USA,Denmark,4,0,WC Qualifier,Home City,USA,false
2022-10-02,Mexico,Algeria,1,0,WC Qualifier,Home City,Mexico,false
2021-10-14,Argentina,Uruguay,4,1,Nations League,Home City,Argentina,false
2020-01-15,South Korea,Norway,1,0,Nations League,Home City,South Korea,false
2019-05-24,Germany,Algeria,4,0,Nations League,Home City,Germany,false
2025-09-26,Denmark,Australia,2,1,WC Qualifier,Home City,Denmark,false
2020-09-22,Iran,South Africa,3,3,World Cup,Dubai,Iran,true
2022-07-07,Mexico,South Korea,0,3,Continental Cup,Home City,Mexico,false
2019-05-24,Switzerland,Ecuador,2,4,WC Qualifier,Home City,Switzerland,false
2023-09-12,Tunisia,Portugal,1,0,Friendly,Home City,Tunisia,false
2020-12-20,Netherlands,Tunisia,4,0,Continental Cup,Home City,Netherlands,false
2019-12-24,Panama,Brazil,0,3,World Cup,Madrid,Panama,true
2021-07-28,South Korea,Iraq,0,0,Friendly,Home City,South Korea,false
2024-03-10,Germany,France,0,4,WC Qualifier,Home City,Germany,false
2022-06-16,Serbia,Iraq,4,0,Nations League,Home City,Serbia,false
2018-10-02,Cameroon,Jamaica,1,0,Nations League,Home City,Cameroon,false
2025-07-24,Paraguay,United Arab Emirates,2,0,WC Qualifier,Home City,Paraguay,false
2023-02-03,Australia,Iraq,1,0,Nations League,Home City,Australia,false
2018-07-26,USA,Cameroon,3,0,Nations League,Home City,USA,false
2026-04-08,Japan,Spain,0,0,WC Qualifier,Home City,Japan,false
2023-01-13,Egypt,Senegal,2,0,Friendly,Home City,Egypt,false
2019-02-27,Spain,Wales,3,0,Nations League,Home City,Spain,false
2019-11-06,Saudi Arabia,Iran,3,1,WC Qualifier,Home City,Saudi Arabia,false
2023-08-09,Wales,South Africa,0,0,Friendly,Home City,Wales,false
2020-01-19,Italy,Saudi Arabia,3,0,Continental Cup,Home City,Italy,false
2018-03-29,Panama,Egypt,1,2,Nations League,Home City,Panama,false
2025-09-28,Japan,Iran,1,1,Continental Cup,Home City,Japan,false
2025-01-25,Algeria,Saudi Arabia,1,0,Friendly,Home City,Algeria,false
2025-02-15,Nigeria,Sweden,1,1,Nations League,Home City,Nigeria,false
2021-04-26,Italy,Ivory Coast,2,0,Continental Cup,Home City,Italy,false
2022-02-18,Denmark,Panama,2,1,Nations League,Home City,Denmark,false
2019-08-31,Ivory Coast,Jamaica,2,2,World Cup,London,Ivory Coast,true
2018-01-26,Tunisia,Canada,0,0,World Cup,Madrid,Tunisia,true
2026-01-12,New Zealand,Germany,0,1,World Cup,Madrid,New Zealand,true
2018-12-31,Iraq,Sweden,2,2,Continental Cup,Home City,Iraq,false
2026-03-18,Peru,Croatia,0,3,World Cup,New York,Peru,true
2019-04-28,Portugal,Panama,1,0,Continental Cup,Home City,Portugal,false
2020-02-05,Norway,Tunisia,3,0,World Cup,Madrid,Norway,true
2019-01-10,Panama,Mexico,0,1,Nations League,Home City,Panama,false
2018-06-26,Norway,South Korea,5,0,Friendly,Home City,Norway,false
2019-09-05,Sweden,Saudi Arabia,5,2,WC Qualifier,Home City,Sweden,false
2020-01-13,Sweden,Italy,1,7,Friendly,Home City,Sweden,false
2023-01-07,Japan,Peru,2,2,World Cup,Dubai,Japan,true
2024-01-24,Portugal,Austria,2,0,Friendly,Home City,Portugal,false
2020-05-26,England,Portugal,5,0,WC Qualifier,Home City,England,false
2020-04-22,Chile,England,3,3,WC Qualifier,Home City,Chile,false
2021-11-04,Chile,Colombia,0,0,Continental Cup,Home City,Chile,false
2022-07-17,France,Switzerland,2,1,Continental Cup,Home City,France,false
2019-06-28,Uruguay,Jamaica,1,1,Friendly,Home City,Uruguay,false
2019-05-11,Italy,South Korea,1,0,Nations League,Home City,Italy,false
2018-07-29,Austria,Mexico,2,0,WC Qualifier,Home City,Austria,false
2026-02-16,Colombia,Jamaica,3,0,WC Qualifier,Home City,Colombia,false
2026-02-08,Argentina,Ecuador,5,0,Continental Cup,Home City,Argentina,false
2025-10-26,Nigeria,Iraq,2,0,Nations League,Home City,Nigeria,false
2025-12-14,Austria,Peru,2,0,Nations League,Home City,Austria,false
2023-12-08,Ivory Coast,Tunisia,2,0,WC Qualifier,Home City,Ivory Coast,false
2023-06-30,Costa Rica,Italy,1,1,Nations League,Home City,Costa Rica,false
2021-12-29,United Arab Emirates,Serbia,1,2,WC Qualifier,Home City,United Arab Emirates,false
2021-09-07,Senegal,England,1,5,WC Qualifier,Home City,Senegal,false
2023-09-03,Algeria,Sweden,2,0,World Cup,Sydney,Algeria,true
2019-05-29,Netherlands,Argentina,4,0,Friendly,Home City,Netherlands,false
2021-03-03,New Zealand,Qatar,3,0,Continental Cup,Home City,New Zealand,false
2020-09-23,France,Nigeria,3,0,World Cup,Berlin,France,true
2018-01-09,Japan,England,3,0,Nations League,Home City,Japan,false
2025-01-10,Italy,USA,0,2,WC Qualifier,Home City,Italy,false
2020-07-18,Peru,USA,1,1,World Cup,Dubai,Peru,true
2025-07-19,Spain,Costa Rica,6,0,World Cup,Sydney,Spain,true
2025-01-31,South Africa,United Arab Emirates,2,1,WC Qualifier,Home City,South Africa,false
2023-12-28,Cameroon,Nigeria,0,2,World Cup,Madrid,Cameroon,true
2020-04-26,Mexico,Belgium,0,0,Nations League,Home City,Mexico,false
2022-11-23,USA,Chile,3,0,Friendly,Home City,USA,false
2021-04-25,New Zealand,Croatia,0,2,Nations League,Home City,New Zealand,false
2018-04-07,Switzerland,Nigeria,2,0,WC Qualifier,Home City,Switzerland,false
2022-11-02,Netherlands,Argentina,2,2,WC Qualifier,Home City,Netherlands,false
2021-07-13,Wales,Ecuador,3,0,WC Qualifier,Home City,Wales,false
2021-06-10,Serbia,England,0,0,Nations League,Home City,Serbia,false
2019-09-05,Saudi Arabia,Ecuador,1,0,WC Qualifier,Home City,Saudi Arabia,false
2020-07-01,Colombia,New Zealand,2,0,Continental Cup,Home City,Colombia,false
2023-10-22,Netherlands,Iran,1,0,Nations League,Home City,Netherlands,false
2018-05-23,England,Argentina,1,3,Continental Cup,Home City,England,false
2018-01-10,Iran,Canada,0,0,Friendly,Home City,Iran,false
2022-07-11,Argentina,Italy,5,0,Continental Cup,Home City,Argentina,false
2018-09-16,Nigeria,Ecuador,3,0,WC Qualifier,Home City,Nigeria,false
2025-02-17,Algeria,Australia,1,1,Nations League,Home City,Algeria,false
2018-04-06,Peru,Uruguay,2,2,WC Qualifier,Home City,Peru,false
2020-08-27,England,Saudi Arabia,4,0,Nations League,Home City,England,false
2018-01-17,Croatia,Jamaica,3,0,World Cup,Doha,Croatia,true
2021-03-10,Senegal,Panama,2,1,Nations League,Home City,Senegal,false
2023-01-12,Cameroon,Colombia,0,0,Nations League,Home City,Cameroon,false
2024-01-08,England,South Korea,4,0,Continental Cup,Home City,England,false
2026-01-10,Costa Rica,Colombia,2,1,Nations League,Home City,Costa Rica,false
2021-07-27,Netherlands,Saudi Arabia,3,0,Continental Cup,Home City,Netherlands,false
2018-05-11,Tunisia,Colombia,1,0,Continental Cup,Home City,Tunisia,false
2025-08-06,Iran,Qatar,1,3,World Cup,Dubai,Iran,true
2021-06-01,Ivory Coast,Saudi Arabia,1,2,WC Qualifier,Home City,Ivory Coast,false
2022-01-17,Croatia,Uruguay,3,0,World Cup,Dubai,Croatia,true
2019-02-01,Tunisia,Italy,0,1,Nations League,Home City,Tunisia,false
2026-05-23,Norway,Germany,3,2,Friendly,Home City,Norway,false
2021-04-26,Netherlands,Paraguay,1,0,World Cup,Sydney,Netherlands,true
2022-07-13,Egypt,Nigeria,3,0,World Cup,London,Egypt,true
2020-07-20,USA,Ivory Coast,2,3,Friendly,Home City,USA,false
2018-03-14,Panama,Chile,3,2,WC Qualifier,Home City,Panama,false
2026-01-15,Croatia,Japan,3,3,Nations League,Home City,Croatia,false
2022-10-15,Iran,USA,2,1,Friendly,Home City,Iran,false
2020-05-01,Paraguay,Netherlands,0,2,Continental Cup,Home City,Paraguay,false
2022-08-19,United Arab Emirates,Jamaica,2,0,World Cup,London,United Arab Emirates,true
2018-02-21,Cameroon,Spain,1,1,Nations League,Home City,Cameroon,false
2025-06-27,Ivory Coast,Mexico,2,2,Friendly,Home City,Ivory Coast,false
2023-02-03,Iran,Wales,0,2,Nations League,Home City,Iran,false
2019-09-30,Canada,Germany,1,0,Friendly,Home City,Canada,false
2024-09-18,Brazil,Sweden,2,0,WC Qualifier,Home City,Brazil,false
2021-08-04,Portugal,Panama,2,0,Nations League,Home City,Portugal,false
2019-08-27,Spain,Saudi Arabia,4,0,WC Qualifier,Home City,Spain,false
2019-06-12,Serbia,Spain,0,2,Nations League,Home City,Serbia,false
2022-08-29,Spain,Sweden,2,1,Continental Cup,Home City,Spain,false
2026-04-22,Belgium,Italy,1,1,Continental Cup,Home City,Belgium,false
2020-02-16,England,Japan,3,1,Continental Cup,Home City,England,false
2026-03-09,Japan,Ecuador,3,0,Nations League,Home City,Japan,false
2021-10-24,Ivory Coast,Switzerland,2,2,World Cup,Dubai,Ivory Coast,true
2020-06-14,Spain,Qatar,4,0,Continental Cup,Home City,Spain,false
2020-11-29,Egypt,France,1,4,World Cup,Madrid,Egypt,true
2022-12-17,Uruguay,South Korea,2,0,WC Qualifier,Home City,Uruguay,false
2023-03-08,Spain,Mexico,2,1,World Cup,London,Spain,true
2024-08-26,Portugal,Mexico,3,0,Friendly,Home City,Portugal,false
2018-09-13,Colombia,Panama,1,1,Nations League,Home City,Colombia,false
2020-05-27,Portugal,South Africa,2,0,WC Qualifier,Home City,Portugal,false
2022-12-25,Paraguay,Nigeria,3,1,Continental Cup,Home City,Paraguay,false
2023-07-11,Chile,Ivory Coast,0,4,Nations League,Home City,Chile,false
2023-01-21,Jamaica,USA,2,2,Nations League,Home City,Jamaica,false
2018-07-04,Serbia,Cameroon,1,1,WC Qualifier,Home City,Serbia,false
2019-02-14,Iraq,United Arab Emirates,1,2,World Cup,London,Iraq,true
2023-06-01,England,Jamaica,2,0,Friendly,Home City,England,false
2025-06-21,Argentina,Paraguay,0,0,World Cup,London,Argentina,true
2025-08-23,Tunisia,Saudi Arabia,1,2,WC Qualifier,Home City,Tunisia,false
2019-02-19,Paraguay,Peru,2,2,WC Qualifier,Home City,Paraguay,false
2021-10-24,Saudi Arabia,Jamaica,1,1,World Cup,London,Saudi Arabia,true
2022-01-21,Belgium,Wales,2,0,Continental Cup,Home City,Belgium,false
2026-04-03,Spain,Italy,1,2,World Cup,Madrid,Spain,true
2026-01-24,France,Austria,3,0,Nations League,Home City,France,false
2022-08-25,Argentina,Panama,6,0,Continental Cup,Home City,Argentina,false
2021-08-09,Italy,United Arab Emirates,4,0,WC Qualifier,Home City,Italy,false
2025-05-29,Ecuador,Ivory Coast,3,1,World Cup,London,Ecuador,true
2021-04-20,Austria,South Africa,1,0,World Cup,New York,Austria,true
2026-03-20,Cameroon,France,0,0,Friendly,Home City,Cameroon,false
2018-03-08,South Korea,Paraguay,3,0,Friendly,Home City,South Korea,false
2024-02-10,Japan,USA,1,1,Nations League,Home City,Japan,false
2020-08-07,Switzerland,Japan,0,2,WC Qualifier,Home City,Switzerland,false
2018-08-16,Tunisia,England,0,2,Nations League,Home City,Tunisia,false
2022-08-02,South Africa,Costa Rica,1,1,World Cup,Sydney,South Africa,true
2026-03-24,Saudi Arabia,Argentina,1,3,Continental Cup,Home City,Saudi Arabia,false
2024-10-06,South Africa,Algeria,2,0,World Cup,New York,South Africa,true
2022-04-28,Canada,Sweden,0,0,Friendly,Home City,Canada,false
2020-08-11,Algeria,Jamaica,2,0,Friendly,Home City,Algeria,false
2020-09-25,England,Belgium,3,0,Continental Cup,Home City,England,false
2025-08-28,Morocco,Argentina,1,0,World Cup,Paris,Morocco,true
2023-09-24,Brazil,Costa Rica,2,2,Nations League,Home City,Brazil,false
2020-03-07,Colombia,Austria,2,0,WC Qualifier,Home City,Colombia,false
2024-10-18,USA,Sweden,3,2,World Cup,Dubai,USA,true
2022-03-02,Ivory Coast,Spain,1,4,World Cup,Madrid,Ivory Coast,true
2025-06-18,Egypt,Uruguay,1,0,WC Qualifier,Home City,Egypt,false
2025-04-26,Denmark,Qatar,5,0,Nations League,Home City,Denmark,false
2023-01-29,Uruguay,Serbia,3,3,Friendly,Home City,Uruguay,false
2022-03-14,Tunisia,South Africa,1,2,Continental Cup,Home City,Tunisia,false
2020-06-11,Brazil,United Arab Emirates,5,0,Nations League,Home City,Brazil,false
2021-07-14,Panama,Germany,2,1,Nations League,Home City,Panama,false
2024-04-30,Egypt,Croatia,1,3,Nations League,Home City,Egypt,false
2024-02-16,Iraq,Costa Rica,4,1,Nations League,Home City,Iraq,false
2023-08-04,Egypt,Sweden,1,2,World Cup,New York,Egypt,true
2024-08-16,France,Algeria,2,1,WC Qualifier,Home City,France,false
2023-07-06,Algeria,Germany,2,0,Friendly,Home City,Algeria,false
2020-10-21,Belgium,Sweden,1,1,Nations League,Home City,Belgium,false
2023-05-21,Mexico,Spain,0,2,World Cup,New York,Mexico,true
2018-11-06,Australia,USA,0,3,World Cup,Doha,Australia,true
2026-02-02,New Zealand,USA,1,1,Continental Cup,Home City,New Zealand,false
2019-02-10,Cameroon,Egypt,1,0,Nations League,Home City,Cameroon,false
2023-10-05,Croatia,Peru,4,1,WC Qualifier,Home City,Croatia,false
2023-04-20,Italy,Switzerland,1,3,Continental Cup,Home City,Italy,false
2020-03-29,England,Senegal,3,0,WC Qualifier,Home City,England,false
2021-10-14,Egypt,Qatar,1,0,Nations League,Home City,Egypt,false
2019-07-26,Paraguay,Morocco,2,2,Friendly,Home City,Paraguay,false
2019-11-18,England,Saudi Arabia,5,0,Friendly,Home City,England,false
2023-09-17,Qatar,Chile,0,1,WC Qualifier,Home City,Qatar,false
2020-01-17,Qatar,USA,1,2,Nations League,Home City,Qatar,false
2023-06-03,Nigeria,Iraq,1,1,WC Qualifier,Home City,Nigeria,false
2023-11-13,Netherlands,Qatar,4,0,Continental Cup,Home City,Netherlands,false
2019-08-19,Colombia,Peru,4,0,WC Qualifier,Home City,Colombia,false
2018-08-23,Panama,Ivory Coast,1,1,WC Qualifier,Home City,Panama,false
2018-02-19,Colombia,Paraguay,2,2,Nations League,Home City,Colombia,false
2025-11-09,South Africa,Mexico,1,1,Nations League,Home City,South Africa,false
2019-08-26,Argentina,Netherlands,0,3,Friendly,Home City,Argentina,false
2019-07-27,South Korea,Canada,3,4,World Cup,Sydney,South Korea,true
2020-04-14,Norway,Mexico,3,0,WC Qualifier,Home City,Norway,false
2025-05-18,Japan,Sweden,0,0,World Cup,London,Japan,true
2024-01-27,Ecuador,USA,3,3,Friendly,Home City,Ecuador,false
2022-11-09,Canada,Denmark,1,2,World Cup,New York,Canada,true
2019-01-02,Uruguay,Brazil,0,2,World Cup,New York,Uruguay,true
2019-08-22,Wales,Spain,1,2,World Cup,Madrid,Wales,true
2023-11-04,Argentina,Wales,3,1,Friendly,Home City,Argentina,false
2020-11-03,Norway,South Korea,2,0,Friendly,Home City,Norway,false
2022-12-21,South Korea,United Arab Emirates,1,0,Friendly,Home City,South Korea,false
2023-03-24,Egypt,Norway,0,0,Continental Cup,Home City,Egypt,false
2026-03-06,Costa Rica,France,0,0,Continental Cup,Home City,Costa Rica,false
2018-10-13,Canada,Japan,2,0,Continental Cup,Home City,Canada,false
2023-02-04,USA,Portugal,2,5,Friendly,Home City,USA,false
2021-09-08,Switzerland,Peru,4,1,World Cup,Paris,Switzerland,true
2018-03-11,Paraguay,South Africa,0,0,Nations League,Home City,Paraguay,false
2025-12-08,Sweden,Germany,4,2,Continental Cup,Home City,Sweden,false
2021-06-27,Croatia,Denmark,3,0,World Cup,Doha,Croatia,true
2023-09-10,Nigeria,New Zealand,4,0,Continental Cup,Home City,Nigeria,false
2023-08-05,Tunisia,Panama,4,0,Friendly,Home City,Tunisia,false
2020-08-07,Iran,Cameroon,2,0,World Cup,Berlin,Iran,true
2024-11-16,Germany,Chile,5,0,WC Qualifier,Home City,Germany,false
2018-08-31,Qatar,Nigeria,2,0,World Cup,Dubai,Qatar,true
2025-12-09,France,Canada,2,0,Nations League,Home City,France,false
2022-10-24,Germany,Cameroon,3,1,Friendly,Home City,Germany,false
2024-11-03,Denmark,Uruguay,4,0,Friendly,Home City,Denmark,false
2024-10-02,Croatia,Netherlands,2,2,Continental Cup,Home City,Croatia,false
2026-05-09,Germany,South Korea,4,0,Friendly,Home City,Germany,false
2023-09-04,Uruguay,Algeria,3,2,WC Qualifier,Home City,Uruguay,false
2019-08-16,Paraguay,Croatia,0,3,Friendly,Home City,Paraguay,false
2023-09-21,Serbia,Germany,2,0,WC Qualifier,Home City,Serbia,false
2025-12-10,Brazil,Ecuador,3,0,World Cup,Dubai,Brazil,true
2022-10-31,Switzerland,Portugal,3,2,Nations League,Home City,Switzerland,false
2020-09-02,Saudi Arabia,Morocco,3,0,WC Qualifier,Home City,Saudi Arabia,false
2018-02-20,Nigeria,Iran,2,0,Friendly,Home City,Nigeria,false
2025-03-28,Norway,Spain,2,1,WC Qualifier,Home City,Norway,false
2019-10-05,Colombia,New Zealand,1,0,Friendly,Home City,Colombia,false
2024-02-09,Morocco,Colombia,0,2,World Cup,Sydney,Morocco,true
2020-06-21,Cameroon,Paraguay,3,0,Nations League,Home City,Cameroon,false
2018-09-06,Portugal,England,2,2,WC Qualifier,Home City,Portugal,false
2022-09-13,Peru,Colombia,2,1,Nations League,Home City,Peru,false
2021-03-10,Brazil,Wales,2,0,World Cup,Berlin,Brazil,true
2024-08-21,Croatia,Netherlands,2,2,Nations League,Home City,Croatia,false
2022-03-27,Panama,Netherlands,2,2,Nations League,Home City,Panama,false
2025-01-03,England,Morocco,1,0,Nations League,Home City,England,false
2020-05-11,Qatar,Paraguay,2,1,Continental Cup,Home City,Qatar,false
2020-12-06,Peru,Germany,0,2,Friendly,Home City,Peru,false
2019-10-06,Tunisia,Morocco,0,0,World Cup,Berlin,Tunisia,true
2019-11-22,Panama,South Korea,2,2,WC Qualifier,Home City,Panama,false
2024-07-15,Australia,USA,7,2,World Cup,New York,Australia,true
2021-05-28,Paraguay,France,2,1,WC Qualifier,Home City,Paraguay,false
2022-04-03,Ecuador,Japan,1,1,Continental Cup,Home City,Ecuador,false
2020-11-04,Iran,France,0,1,World Cup,Berlin,Iran,true
2025-07-13,Australia,Norway,2,2,Continental Cup,Home City,Australia,false
2025-07-10,Netherlands,United Arab Emirates,2,1,Continental Cup,Home City,Netherlands,false
2024-08-22,Colombia,Iraq,0,1,Nations League,Home City,Colombia,false
2025-10-01,Colombia,Tunisia,2,1,World Cup,Sydney,Colombia,true
2022-03-27,United Arab Emirates,Brazil,1,0,Continental Cup,Home City,United Arab Emirates,false
2023-04-19,South Africa,Serbia,2,2,Continental Cup,Home City,South Africa,false
2018-12-26,Saudi Arabia,Tunisia,1,0,Friendly,Home City,Saudi Arabia,false
2026-04-09,Colombia,Brazil,2,4,WC Qualifier,Home City,Colombia,false
2022-05-30,Germany,Iraq,4,0,WC Qualifier,Home City,Germany,false
2018-09-26,Denmark,USA,1,0,World Cup,Doha,Denmark,true
2025-09-14,Nigeria,New Zealand,1,1,WC Qualifier,Home City,Nigeria,false
2020-05-30,Jamaica,Ivory Coast,1,1,World Cup,Paris,Jamaica,true
2019-06-04,Denmark,Colombia,3,1,WC Qualifier,Home City,Denmark,false
2025-02-06,Belgium,Mexico,2,2,WC Qualifier,Home City,Belgium,false
2023-06-05,Costa Rica,United Arab Emirates,0,2,Continental Cup,Home City,Costa Rica,false
2021-10-28,Chile,Canada,1,0,World Cup,Doha,Chile,true
2020-08-26,Senegal,Algeria,0,0,Continental Cup,Home City,Senegal,false
2022-12-13,Ecuador,Germany,0,0,WC Qualifier,Home City,Ecuador,false
2024-01-17,Ivory Coast,Croatia,0,1,World Cup,Sydney,Ivory Coast,true
2021-03-01,USA,Algeria,3,0,Continental Cup,Home City,USA,false
2020-06-14,Jamaica,Austria,1,0,World Cup,Sydney,Jamaica,true
2020-07-13,Paraguay,United Arab Emirates,2,0,Friendly,Home City,Paraguay,false
2018-09-23,Argentina,Jamaica,6,1,Continental Cup,Home City,Argentina,false
2018-12-20,Peru,Norway,0,2,Nations League,Home City,Peru,false
2022-08-14,Algeria,Morocco,3,2,Continental Cup,Home City,Algeria,false
2021-07-27,Algeria,Portugal,1,1,Nations League,Home City,Algeria,false
2018-12-15,Italy,Belgium,1,2,WC Qualifier,Home City,Italy,false
2026-05-18,Spain,Australia,0,0,Friendly,Home City,Spain,false
2018-07-31,England,Panama,5,1,Continental Cup,Home City,England,false
2023-12-22,Iran,Norway,0,0,World Cup,Madrid,Iran,true
2020-10-23,Argentina,Egypt,2,0,Friendly,Home City,Argentina,false
2025-06-06,Austria,Egypt,2,1,Nations League,Home City,Austria,false
2019-04-23,Serbia,Iraq,2,0,WC Qualifier,Home City,Serbia,false
2024-05-04,New Zealand,Colombia,1,0,Friendly,Home City,New Zealand,false
2023-08-01,Sweden,Jamaica,3,0,Continental Cup,Home City,Sweden,false
2018-06-19,Switzerland,Algeria,3,1,World Cup,Sydney,Switzerland,true
2019-02-01,United Arab Emirates,Germany,1,4,WC Qualifier,Home City,United Arab Emirates,false
2025-07-02,South Korea,Croatia,1,1,Nations League,Home City,South Korea,false
2020-09-14,France,Brazil,1,1,Continental Cup,Home City,France,false
2026-05-08,Algeria,France,0,1,WC Qualifier,Home City,Algeria,false
2022-11-01,USA,Australia,1,3,World Cup,Doha,USA,true
2025-03-23,Japan,Belgium,0,0,Friendly,Home City,Japan,false
2021-07-28,Sweden,Costa Rica,2,0,Continental Cup,Home City,Sweden,false
2021-05-26,Colombia,Canada,5,0,Nations League,Home City,Colombia,false
2024-03-27,Serbia,Denmark,1,0,Nations League,Home City,Serbia,false
2021-07-01,South Korea,Mexico,3,2,Continental Cup,Home City,South Korea,false
2023-11-06,Spain,Italy,1,1,Nations League,Home City,Spain,false
2023-06-09,Qatar,Norway,3,1,Friendly,Home City,Qatar,false
2022-01-16,Brazil,Wales,5,1,WC Qualifier,Home City,Brazil,false
2019-01-20,Sweden,Brazil,0,2,Continental Cup,Home City,Sweden,false
2025-10-04,Wales,USA,1,1,Friendly,Home City,Wales,false
2018-03-29,Iran,Ecuador,1,1,Nations League,Home City,Iran,false
2025-08-01,Jamaica,Saudi Arabia,2,3,World Cup,Berlin,Jamaica,true
2023-02-16,Morocco,Argentina,0,2,WC Qualifier,Home City,Morocco,false
2021-07-22,Wales,England,0,1,World Cup,Madrid,Wales,true
2018-12-18,Belgium,Norway,4,2,Friendly,Home City,Belgium,false
2026-01-26,Wales,Argentina,0,3,Nations League,Home City,Wales,false
2023-03-10,United Arab Emirates,Panama,4,1,WC Qualifier,Home City,United Arab Emirates,false
2020-01-02,Senegal,Spain,2,1,WC Qualifier,Home City,Senegal,false
2022-10-24,Jamaica,Portugal,0,3,Friendly,Home City,Jamaica,false
2019-01-07,Belgium,Netherlands,0,0,Friendly,Home City,Belgium,false
2024-11-20,Ecuador,Iran,1,0,Nations League,Home City,Ecuador,false
2018-05-10,Argentina,USA,5,0,WC Qualifier,Home City,Argentina,false
2018-04-12,Wales,Netherlands,0,0,Friendly,Home City,Wales,false
2024-08-01,Portugal,Germany,0,2,Continental Cup,Home City,Portugal,false
2021-12-28,Canada,Argentina,0,3,Continental Cup,Home City,Canada,false
2018-02-28,Tunisia,Paraguay,2,0,Friendly,Home City,Tunisia,false
2023-12-18,Spain,Norway,3,0,Continental Cup,Home City,Spain,false
2026-04-20,England,Qatar,5,1,Nations League,Home City,England,false
2025-04-10,Ecuador,Switzerland,1,2,WC Qualifier,Home City,Ecuador,false
2023-05-12,Iran,South Africa,1,0,Continental Cup,Home City,Iran,false
2026-03-27,Serbia,Panama,1,0,Nations League,Home City,Serbia,false
2022-06-02,Mexico,Costa Rica,1,0,Friendly,Home City,Mexico,false
2026-02-14,Italy,England,2,1,Friendly,Home City,Italy,false
2023-02-25,Brazil,Iraq,4,0,Continental Cup,Home City,Brazil,false
2020-12-25,USA,Senegal,0,1,World Cup,Sydney,USA,true
2019-12-08,Wales,Paraguay,1,1,Continental Cup,Home City,Wales,false
2021-12-06,Chile,Senegal,2,1,Continental Cup,Home City,Chile,false
2018-12-10,Egypt,Costa Rica,4,2,WC Qualifier,Home City,Egypt,false
2018-06-08,Panama,Canada,0,2,WC Qualifier,Home City,Panama,false
2020-10-14,Spain,Serbia,3,0,World Cup,Paris,Spain,true
2019-09-06,Colombia,Mexico,1,0,Continental Cup,Home City,Colombia,false
2023-03-21,Tunisia,South Korea,4,4,Continental Cup,Home City,Tunisia,false
2020-06-19,Nigeria,Tunisia,2,1,Continental Cup,Home City,Nigeria,false
2018-03-23,Cameroon,Qatar,0,4,World Cup,London,Cameroon,true
2018-10-23,Iran,Portugal,0,3,WC Qualifier,Home City,Iran,false
2019-07-02,Morocco,Canada,0,0,WC Qualifier,Home City,Morocco,false
2020-03-15,Italy,Argentina,0,1,WC Qualifier,Home City,Italy,false
2022-03-25,Ivory Coast,Iran,1,1,Nations League,Home City,Ivory Coast,false
2025-04-02,Germany,Mexico,2,0,Continental Cup,Home City,Germany,false
2024-08-14,Cameroon,France,0,3,World Cup,London,Cameroon,true
2024-04-27,Paraguay,Iran,1,2,Nations League,Home City,Paraguay,false
2021-11-19,Portugal,Brazil,0,0,Friendly,Home City,Portugal,false
2020-03-31,USA,Jamaica,2,0,Nations League,Home City,USA,false
2023-10-13,Norway,Ecuador,3,2,WC Qualifier,Home City,Norway,false
2025-06-25,Serbia,Brazil,0,2,Nations League,Home City,Serbia,false
2025-09-30,Tunisia,Ivory Coast,0,0,World Cup,Paris,Tunisia,true
2024-12-02,Italy,Japan,2,0,Continental Cup,Home City,Italy,false
2023-05-20,Serbia,Argentina,0,3,Nations League,Home City,Serbia,false
2025-07-09,Denmark,Iran,0,1,Nations League,Home City,Denmark,false
2021-02-10,Australia,Serbia,4,1,WC Qualifier,Home City,Australia,false
2019-03-04,South Korea,Senegal,2,0,Friendly,Home City,South Korea,false
2021-03-28,Qatar,USA,0,1,Continental Cup,Home City,Qatar,false
2023-11-08,Morocco,Netherlands,2,2,Friendly,Home City,Morocco,false
2022-05-27,New Zealand,South Africa,3,3,World Cup,Sydney,New Zealand,true
2018-07-18,New Zealand,USA,0,2,Continental Cup,Home City,New Zealand,false
2025-09-19,Netherlands,Wales,2,1,Continental Cup,Home City,Netherlands,false
2023-10-15,Panama,Qatar,3,1,Continental Cup,Home City,Panama,false
2021-08-20,Panama,Jamaica,3,2,World Cup,New York,Panama,true
2025-06-24,France,Nigeria,3,0,World Cup,Madrid,France,true
2019-09-29,Nigeria,Egypt,2,1,Continental Cup,Home City,Nigeria,false
2026-03-16,Argentina,Mexico,4,0,WC Qualifier,Home City,Argentina,false
2021-06-14,Morocco,Serbia,6,1,Continental Cup,Home City,Morocco,false
2022-07-28,Croatia,Brazil,1,4,Continental Cup,Home City,Croatia,false
2025-03-27,South Africa,Uruguay,1,1,WC Qualifier,Home City,South Africa,false
2022-02-12,Cameroon,Italy,1,1,Continental Cup,Home City,Cameroon,false
2021-08-26,Canada,Italy,1,1,WC Qualifier,Home City,Canada,false
2018-10-02,Tunisia,United Arab Emirates,3,0,WC Qualifier,Home City,Tunisia,false
2026-04-26,Morocco,France,2,2,WC Qualifier,Home City,Morocco,false
2023-04-03,Argentina,Sweden,2,0,Nations League,Home City,Argentina,false
2022-05-05,Egypt,Argentina,1,3,Continental Cup,Home City,Egypt,false
2018-12-10,United Arab Emirates,Paraguay,2,0,Friendly,Home City,United Arab Emirates,false
2025-12-30,South Africa,France,1,2,WC Qualifier,Home City,South Africa,false
2018-08-16,Paraguay,Brazil,0,3,Nations League,Home City,Paraguay,false
2023-03-13,Brazil,South Korea,4,1,Continental Cup,Home City,Brazil,false
2024-04-19,Germany,Sweden,6,0,Friendly,Home City,Germany,false
2023-07-26,Chile,Norway,0,3,Continental Cup,Home City,Chile,false
2023-01-24,Mexico,Norway,3,2,WC Qualifier,Home City,Mexico,false
2019-06-24,South Africa,Serbia,3,0,Nations League,Home City,South Africa,false
2018-06-29,Austria,Serbia,4,1,WC Qualifier,Home City,Austria,false
2025-05-23,Germany,Sweden,4,0,World Cup,Berlin,Germany,true
2021-04-24,Italy,Jamaica,2,1,Nations League,Home City,Italy,false
2019-11-08,Costa Rica,Iran,2,3,World Cup,Sydney,Costa Rica,true
2022-04-03,Japan,Netherlands,0,1,Nations League,Home City,Japan,false
2020-04-02,Iraq,Uruguay,0,3,Continental Cup,Home City,Iraq,false
2018-01-29,South Korea,Spain,1,2,Friendly,Home City,South Korea,false
2026-05-13,Qatar,Canada,1,1,Nations League,Home City,Qatar,false
2024-12-20,Serbia,Chile,1,0,WC Qualifier,Home City,Serbia,false
2021-11-19,Mexico,Jamaica,1,0,Nations League,Home City,Mexico,false
2022-05-09,Austria,Jamaica,3,0,WC Qualifier,Home City,Austria,false
2025-08-05,England,Egypt,4,0,Continental Cup,Home City,England,false
2025-09-20,Qatar,Australia,2,0,Continental Cup,Home City,Qatar,false
2019-05-10,Algeria,Canada,2,1,World Cup,Paris,Algeria,true
2023-01-20,Costa Rica,Croatia,1,3,Continental Cup,Home City,Costa Rica,false
2023-08-07,Australia,Denmark,2,1,WC Qualifier,Home City,Australia,false
2025-08-28,Colombia,Ecuador,1,0,World Cup,New York,Colombia,true
2025-04-02,Colombia,Nigeria,2,0,WC Qualifier,Home City,Colombia,false
2022-11-13,Algeria,Brazil,0,2,World Cup,Doha,Algeria,true
2026-03-02,Italy,Brazil,0,0,World Cup,New York,Italy,true
2021-05-11,Algeria,Chile,3,1,Nations League,Home City,Algeria,false
2021-10-01,Qatar,South Africa,1,3,Friendly,Home City,Qatar,false
2019-03-01,Japan,South Korea,0,0,Friendly,Home City,Japan,false
2022-09-04,Switzerland,Serbia,3,1,World Cup,New York,Switzerland,true
2025-01-06,Tunisia,Chile,2,0,World Cup,Doha,Tunisia,true
2019-12-21,South Africa,Canada,0,1,Friendly,Home City,South Africa,false
2024-09-07,Costa Rica,Sweden,2,1,World Cup,New York,Costa Rica,true
2026-03-02,England,Germany,1,1,WC Qualifier,Home City,England,false
2024-10-06,Qatar,Nigeria,1,1,WC Qualifier,Home City,Qatar,false
2019-02-22,Iran,Peru,4,0,Continental Cup,Home City,Iran,false
2020-07-11,Cameroon,Croatia,2,0,WC Qualifier,Home City,Cameroon,false
2021-05-29,Brazil,Panama,4,0,Friendly,Home City,Brazil,false
2020-12-15,Peru,Saudi Arabia,4,1,World Cup,Dubai,Peru,true
2020-03-31,Costa Rica,Canada,2,1,WC Qualifier,Home City,Costa Rica,false
2021-10-22,Iraq,Spain,0,4,WC Qualifier,Home City,Iraq,false
2022-11-04,Denmark,Germany,1,0,Nations League,Home City,Denmark,false
2019-10-04,Mexico,Colombia,3,1,WC Qualifier,Home City,Mexico,false
2022-05-31,Panama,Colombia,2,1,Friendly,Home City,Panama,false
2026-02-18,Portugal,South Africa,2,0,World Cup,Doha,Portugal,true
2025-04-03,Portugal,Australia,1,2,World Cup,Madrid,Portugal,true
2023-08-05,Switzerland,Cameroon,0,0,World Cup,Madrid,Switzerland,true
2023-11-30,Germany,Egypt,0,0,World Cup,New York,Germany,true
2025-11-08,Denmark,Morocco,1,0,WC Qualifier,Home City,Denmark,false
2025-04-05,Iraq,Algeria,1,1,World Cup,Dubai,Iraq,true
2021-09-07,Ecuador,Nigeria,1,1,World Cup,London,Ecuador,true
2019-06-09,Jamaica,Argentina,1,5,World Cup,Dubai,Jamaica,true
2019-05-21,Italy,Algeria,3,0,Nations League,Home City,Italy,false
2023-03-03,Qatar,Germany,1,1,WC Qualifier,Home City,Qatar,false
2018-05-30,Switzerland,United Arab Emirates,3,0,WC Qualifier,Home City,Switzerland,false
2025-05-20,United Arab Emirates,Sweden,0,0,WC Qualifier,Home City,United Arab Emirates,false
2020-09-29,Australia,England,0,3,Continental Cup,Home City,Australia,false
2019-10-03,Australia,Algeria,3,1,Friendly,Home City,Australia,false
2018-02-26,Netherlands,Nigeria,5,2,World Cup,New York,Netherlands,true
2023-09-03,Japan,Morocco,0,0,Continental Cup,Home City,Japan,false
2023-01-26,Algeria,Australia,0,2,WC Qualifier,Home City,Algeria,false
2022-09-11,United Arab Emirates,Netherlands,1,1,Friendly,Home City,United Arab Emirates,false
2023-07-18,Senegal,Morocco,2,2,World Cup,Berlin,Senegal,true
2019-06-05,Uruguay,South Korea,1,1,WC Qualifier,Home City,Uruguay,false
2025-06-08,New Zealand,United Arab Emirates,1,2,Continental Cup,Home City,New Zealand,false
2020-10-21,Panama,Switzerland,0,3,World Cup,London,Panama,true
2021-06-04,Norway,South Korea,2,1,Friendly,Home City,Norway,false
2020-06-25,Colombia,Ecuador,3,0,WC Qualifier,Home City,Colombia,false
2024-07-15,Wales,Brazil,0,1,WC Qualifier,Home City,Wales,false
2024-06-03,Austria,Algeria,2,1,Friendly,Home City,Austria,false
2021-02-18,Portugal,Spain,0,2,Continental Cup,Home City,Portugal,false
2023-03-01,Spain,Morocco,2,1,WC Qualifier,Home City,Spain,false
2024-09-21,France,Spain,2,0,World Cup,Dubai,France,true
2022-01-27,Ecuador,United Arab Emirates,2,3,Continental Cup,Home City,Ecuador,false
2018-02-23,Argentina,Chile,2,0,Nations League,Home City,Argentina,false
2023-09-20,Iraq,USA,0,2,Continental Cup,Home City,Iraq,false
2020-02-14,Sweden,Jamaica,5,1,Nations League,Home City,Sweden,false
2019-12-22,Iraq,Wales,0,2,World Cup,Doha,Iraq,true
2022-06-08,Serbia,Italy,2,2,Continental Cup,Home City,Serbia,false
2025-07-21,Iraq,England,0,3,Nations League,Home City,Iraq,false
2026-03-06,Norway,Morocco,0,1,World Cup,Madrid,Norway,true
2023-06-27,Japan,Argentina,1,1,Continental Cup,Home City,Japan,false
2019-12-07,England,Paraguay,1,0,WC Qualifier,Home City,England,false
2019-10-08,Japan,Tunisia,2,1,Continental Cup,Home City,Japan,false
2018-02-22,Switzerland,Sweden,3,2,Nations League,Home City,Switzerland,false
2019-07-10,Algeria,Canada,1,3,Nations League,Home City,Algeria,false
2026-03-15,Japan,Peru,5,2,Friendly,Home City,Japan,false
2021-06-27,Australia,Ecuador,3,0,WC Qualifier,Home City,Australia,false
2019-10-22,Denmark,France,1,0,World Cup,Dubai,Denmark,true
2019-07-09,South Korea,Panama,1,2,Friendly,Home City,South Korea,false
2023-06-08,Japan,Germany,0,3,WC Qualifier,Home City,Japan,false
2020-09-18,Wales,Spain,1,1,Nations League,Home City,Wales,false
2021-01-18,Cameroon,Egypt,0,3,Nations League,Home City,Cameroon,false
2023-05-03,Argentina,Austria,1,1,Continental Cup,Home City,Argentina,false
2023-03-05,Cameroon,Portugal,1,2,Continental Cup,Home City,Cameroon,false
2020-03-18,Morocco,Ecuador,2,1,WC Qualifier,Home City,Morocco,false
2018-09-10,Austria,Germany,0,1,World Cup,Doha,Austria,true
2024-12-27,Denmark,Canada,1,0,Friendly,Home City,Denmark,false
2018-02-07,Costa Rica,Italy,0,2,World Cup,Dubai,Costa Rica,true
2025-04-28,Tunisia,Denmark,0,2,Friendly,Home City,Tunisia,false
2018-03-03,Portugal,Ivory Coast,1,0,WC Qualifier,Home City,Portugal,false
2023-01-05,New Zealand,Iraq,3,1,Friendly,Home City,New Zealand,false
2020-11-02,Switzerland,England,0,4,WC Qualifier,Home City,Switzerland,false
2018-08-15,Qatar,Argentina,0,0,Nations League,Home City,Qatar,false
2019-11-27,Panama,Uruguay,0,4,World Cup,London,Panama,true
2025-10-02,New Zealand,Australia,1,4,World Cup,New York,New Zealand,true
2018-09-03,Tunisia,France,2,2,Nations League,Home City,Tunisia,false
2020-08-19,Brazil,Colombia,2,0,WC Qualifier,Home City,Brazil,false
2026-04-08,Australia,Switzerland,2,0,Continental Cup,Home City,Australia,false
2026-02-25,Cameroon,Colombia,0,3,WC Qualifier,Home City,Cameroon,false
2018-05-13,New Zealand,Belgium,1,3,Friendly,Home City,New Zealand,false
2022-01-12,Sweden,Costa Rica,1,1,World Cup,Doha,Sweden,true
2023-09-16,Iran,South Korea,0,1,Nations League,Home City,Iran,false
2020-03-10,Egypt,Peru,3,0,WC Qualifier,Home City,Egypt,false
2020-03-11,Cameroon,Switzerland,1,2,Friendly,Home City,Cameroon,false
2025-03-30,Morocco,Wales,2,0,Friendly,Home City,Morocco,false
2022-11-25,USA,Qatar,2,1,Friendly,Home City,USA,false
2024-06-07,Morocco,Qatar,3,0,World Cup,Sydney,Morocco,true
2021-05-08,Netherlands,Serbia,0,1,Friendly,Home City,Netherlands,false
2024-03-13,Netherlands,Panama,2,0,Friendly,Home City,Netherlands,false
2019-08-07,Belgium,South Africa,2,1,World Cup,London,Belgium,true
2022-03-03,Tunisia,Wales,2,0,Nations League,Home City,Tunisia,false
2019-06-01,Morocco,Wales,4,1,World Cup,Sydney,Morocco,true
2025-06-24,Egypt,United Arab Emirates,0,1,World Cup,New York,Egypt,true
2024-04-21,Paraguay,Croatia,0,1,Nations League,Home City,Paraguay,false
2021-03-31,Paraguay,Senegal,1,3,Nations League,Home City,Paraguay,false
2019-02-27,Italy,France,0,3,Nations League,Home City,Italy,false
2020-08-30,Switzerland,Qatar,1,2,Continental Cup,Home City,Switzerland,false
2026-03-09,Austria,Netherlands,3,0,Friendly,Home City,Austria,false
2018-08-14,Serbia,South Korea,2,0,Continental Cup,Home City,Serbia,false
2026-03-30,Algeria,Panama,6,2,Nations League,Home City,Algeria,false
2021-06-06,United Arab Emirates,Norway,0,1,World Cup,New York,United Arab Emirates,true
2018-06-06,USA,Tunisia,2,1,Nations League,Home City,USA,false
2022-09-18,France,United Arab Emirates,4,0,World Cup,Dubai,France,true
2021-10-24,Switzerland,Australia,0,0,Friendly,Home City,Switzerland,false
2022-04-16,Serbia,South Korea,2,0,Nations League,Home City,Serbia,false
2019-10-12,Netherlands,Senegal,0,0,Nations League,Home City,Netherlands,false
2026-04-13,Tunisia,Saudi Arabia,1,1,Nations League,Home City,Tunisia,false
2018-04-14,Costa Rica,Belgium,0,2,Nations League,Home City,Costa Rica,false
2024-03-19,Mexico,Germany,3,1,Nations League,Home City,Mexico,false
2022-04-15,Mexico,Uruguay,1,1,Nations League,Home City,Mexico,false
2024-10-14,Norway,Croatia,1,0,Friendly,Home City,Norway,false
2025-10-10,Italy,Saudi Arabia,3,1,Nations League,Home City,Italy,false
2025-05-06,Argentina,Denmark,0,0,WC Qualifier,Home City,Argentina,false
2021-03-14,Wales,Morocco,2,0,WC Qualifier,Home City,Wales,false
2021-12-24,Algeria,Ecuador,3,2,World Cup,Berlin,Algeria,true
2023-04-12,USA,Germany,0,3,Nations League,Home City,USA,false
2023-09-07,Jamaica,Serbia,0,0,World Cup,Berlin,Jamaica,true
2023-03-07,Canada,Qatar,0,1,World Cup,Dubai,Canada,true
2026-05-22,France,USA,3,0,Continental Cup,Home City,France,false
2018-06-03,United Arab Emirates,Paraguay,1,2,World Cup,Madrid,United Arab Emirates,true
2023-12-03,Egypt,Jamaica,1,1,WC Qualifier,Home City,Egypt,false
2023-10-18,Netherlands,Mexico,2,0,WC Qualifier,Home City,Netherlands,false
2023-07-21,England,Switzerland,4,1,Continental Cup,Home City,England,false
2023-01-24,Belgium,Peru,2,0,Friendly,Home City,Belgium,false
2022-11-25,New Zealand,Cameroon,2,0,Nations League,Home City,New Zealand,false
2023-04-09,Serbia,Chile,1,1,Friendly,Home City,Serbia,false
2020-10-25,Iraq,Austria,0,2,WC Qualifier,Home City,Iraq,false
2019-10-27,Austria,Morocco,0,0,World Cup,Madrid,Austria,true
2025-05-02,New Zealand,Croatia,0,1,Continental Cup,Home City,New Zealand,false
2025-01-09,Netherlands,Austria,1,1,World Cup,Sydney,Netherlands,true
2026-05-30,South Africa,New Zealand,2,1,WC Qualifier,Home City,South Africa,false
2021-08-05,Germany,Ivory Coast,4,0,World Cup,New York,Germany,true
2022-02-11,Iraq,Chile,2,0,World Cup,Paris,Iraq,true
2022-11-04,Ecuador,Qatar,2,0,Friendly,Home City,Ecuador,false
2026-05-23,Mexico,Belgium,0,2,Nations League,Home City,Mexico,false
2023-02-14,Germany,Japan,1,0,World Cup,Madrid,Germany,true
2019-03-26,Peru,Senegal,0,2,World Cup,New York,Peru,true
2021-06-06,New Zealand,France,1,2,Continental Cup,Home City,New Zealand,false
2021-11-03,Netherlands,Argentina,0,1,Friendly,Home City,Netherlands,false
2021-12-21,Morocco,Serbia,2,0,WC Qualifier,Home City,Morocco,false
2021-09-23,South Korea,Cameroon,2,1,Friendly,Home City,South Korea,false
2024-07-15,Australia,Senegal,2,3,Friendly,Home City,Australia,false
2026-03-12,USA,Cameroon,2,0,Continental Cup,Home City,USA,false
2023-09-06,Egypt,Germany,0,2,Friendly,Home City,Egypt,false
2019-05-08,Senegal,Uruguay,2,2,Continental Cup,Home City,Senegal,false
2019-10-29,Japan,Costa Rica,4,0,Continental Cup,Home City,Japan,false
2025-07-23,South Korea,Germany,0,3,Friendly,Home City,South Korea,false
2025-12-25,Mexico,Cameroon,2,2,Nations League,Home City,Mexico,false
2020-11-17,Serbia,Chile,4,1,Friendly,Home City,Serbia,false
2020-08-02,Chile,Serbia,1,1,Friendly,Home City,Chile,false
2023-02-22,Switzerland,Colombia,1,0,WC Qualifier,Home City,Switzerland,false
2023-12-04,Egypt,Tunisia,1,0,World Cup,Madrid,Egypt,true
2020-02-23,Austria,Uruguay,1,2,Friendly,Home City,Austria,false
2019-10-08,Brazil,Iraq,4,0,WC Qualifier,Home City,Brazil,false
2021-11-01,Costa Rica,Switzerland,0,1,Friendly,Home City,Costa Rica,false
2019-02-01,Portugal,Denmark,1,0,Friendly,Home City,Portugal,false
2023-06-10,Ivory Coast,Italy,1,2,World Cup,Paris,Ivory Coast,true
2019-06-13,Sweden,Nigeria,0,1,World Cup,Berlin,Sweden,true
2020-08-01,Netherlands,Algeria,3,0,WC Qualifier,Home City,Netherlands,false
2025-08-09,Argentina,United Arab Emirates,3,1,WC Qualifier,Home City,Argentina,false
2018-04-24,Mexico,Portugal,4,1,Nations League,Home City,Mexico,false
2023-12-18,Ivory Coast,Peru,1,0,Friendly,Home City,Ivory Coast,false
2024-06-24,Croatia,Uruguay,4,0,Nations League,Home City,Croatia,false
2020-09-10,New Zealand,Paraguay,3,2,World Cup,London,New Zealand,true
2024-04-21,Nigeria,Spain,1,0,Nations League,Home City,Nigeria,false
2025-07-12,Mexico,Croatia,2,1,Nations League,Home City,Mexico,false
2022-11-07,England,Egypt,5,1,Nations League,Home City,England,false
2020-08-23,Iran,Ivory Coast,2,3,Friendly,Home City,Iran,false
2019-01-24,Uruguay,Iran,3,0,Nations League,Home City,Uruguay,false
2023-12-01,Sweden,Colombia,2,0,Nations League,Home City,Sweden,false
2024-02-13,Italy,Morocco,2,1,Continental Cup,Home City,Italy,false
2023-04-17,Switzerland,Qatar,3,0,Friendly,Home City,Switzerland,false
2020-02-08,Norway,Croatia,0,0,Nations League,Home City,Norway,false
2020-07-22,Egypt,Cameroon,3,1,World Cup,Madrid,Egypt,true
2020-05-07,Colombia,Netherlands,1,2,World Cup,Doha,Colombia,true
2019-09-23,Morocco,Ecuador,2,0,WC Qualifier,Home City,Morocco,false
2024-11-16,Denmark,Norway,2,0,Nations League,Home City,Denmark,false
2025-08-27,United Arab Emirates,Australia,2,0,Nations League,Home City,United Arab Emirates,false
2021-01-28,Tunisia,Panama,4,1,Continental Cup,Home City,Tunisia,false
2020-02-10,Colombia,Cameroon,5,2,Continental Cup,Home City,Colombia,false
2018-09-18,Canada,Australia,1,2,Nations League,Home City,Canada,false
2024-05-15,Italy,Nigeria,0,0,Continental Cup,Home City,Italy,false
2018-01-03,South Korea,Argentina,0,4,World Cup,Doha,South Korea,true
2021-02-19,Germany,France,2,2,WC Qualifier,Home City,Germany,false
2024-06-21,Germany,Ivory Coast,1,0,WC Qualifier,Home City,Germany,false
2025-06-18,Jamaica,Sweden,1,0,Continental Cup,Home City,Jamaica,false
2023-10-04,Paraguay,Morocco,2,3,WC Qualifier,Home City,Paraguay,false
2025-04-24,Qatar,Costa Rica,1,0,Continental Cup,Home City,Qatar,false
2024-06-03,Ivory Coast,United Arab Emirates,0,1,WC Qualifier,Home City,Ivory Coast,false
2025-12-21,Colombia,Saudi Arabia,4,0,WC Qualifier,Home City,Colombia,false
2024-11-11,Portugal,Croatia,1,0,Friendly,Home City,Portugal,false
2023-02-23,Tunisia,Brazil,0,3,Friendly,Home City,Tunisia,false
2019-11-25,Peru,Chile,1,1,Nations League,Home City,Peru,false
2018-01-28,Panama,Ivory Coast,2,2,World Cup,London,Panama,true
2021-07-22,Canada,Norway,1,1,Friendly,Home City,Canada,false
2018-02-05,Paraguay,Jamaica,1,2,WC Qualifier,Home City,Paraguay,false
2018-06-16,Peru,Morocco,3,1,Nations League,Home City,Peru,false
2021-09-15,Portugal,Paraguay,8,0,World Cup,Dubai,Portugal,true
2025-09-27,South Korea,England,1,1,Friendly,Home City,South Korea,false
2018-10-20,France,Qatar,6,1,Continental Cup,Home City,France,false
2021-06-29,Saudi Arabia,Peru,1,1,Nations League,Home City,Saudi Arabia,false
2023-11-30,Croatia,Netherlands,0,0,Continental Cup,Home City,Croatia,false
2018-05-12,Belgium,Norway,1,1,Continental Cup,Home City,Belgium,false
2023-01-20,Qatar,Nigeria,0,0,World Cup,Madrid,Qatar,true
2021-07-30,Qatar,France,0,1,WC Qualifier,Home City,Qatar,false
2019-04-19,Iran,Austria,0,1,WC Qualifier,Home City,Iran,false
2025-01-06,Paraguay,Costa Rica,0,0,Continental Cup,Home City,Paraguay,false
2018-07-08,Senegal,Switzerland,1,1,Friendly,Home City,Senegal,false
2023-11-03,Tunisia,Denmark,1,0,World Cup,Madrid,Tunisia,true
2023-07-22,Japan,New Zealand,2,0,WC Qualifier,Home City,Japan,false
2023-10-24,United Arab Emirates,France,0,0,WC Qualifier,Home City,United Arab Emirates,false
2021-06-13,Costa Rica,Argentina,0,3,Nations League,Home City,Costa Rica,false
2024-08-05,Costa Rica,Japan,3,0,Friendly,Home City,Costa Rica,false
2023-06-15,Saudi Arabia,Algeria,4,1,World Cup,Sydney,Saudi Arabia,true
2019-06-06,Canada,United Arab Emirates,1,0,WC Qualifier,Home City,Canada,false
2018-03-21,Canada,Peru,3,2,Continental Cup,Home City,Canada,false
2024-10-09,South Korea,Colombia,3,2,Continental Cup,Home City,South Korea,false
2025-10-23,Algeria,Argentina,1,0,Continental Cup,Home City,Algeria,false
2020-06-11,Mexico,Denmark,3,1,Nations League,Home City,Mexico,false
2024-09-01,Tunisia,USA,1,0,Nations League,Home City,Tunisia,false
2022-08-03,Japan,Spain,0,2,Continental Cup,Home City,Japan,false
2024-12-16,Paraguay,Panama,2,0,Nations League,Home City,Paraguay,false
2018-07-25,Switzerland,Denmark,2,1,Friendly,Home City,Switzerland,false
2019-11-24,Ivory Coast,USA,0,0,Nations League,Home City,Ivory Coast,false
2018-08-29,Peru,Chile,5,1,World Cup,Doha,Peru,true
2023-06-22,Netherlands,Australia,1,0,Nations League,Home City,Netherlands,false
2022-02-23,Italy,Netherlands,3,1,WC Qualifier,Home City,Italy,false
2018-01-22,Norway,Tunisia,1,0,World Cup,Dubai,Norway,true
2025-02-10,Qatar,Belgium,1,0,Nations League,Home City,Qatar,false
2020-12-28,Switzerland,Senegal,3,2,Friendly,Home City,Switzerland,false
2024-05-29,New Zealand,France,1,2,Continental Cup,Home City,New Zealand,false
2022-05-28,USA,Iraq,4,2,Friendly,Home City,USA,false
2023-11-08,Algeria,Egypt,2,0,Continental Cup,Home City,Algeria,false
2019-08-05,United Arab Emirates,Switzerland,0,2,Nations League,Home City,United Arab Emirates,false
2021-12-19,Algeria,Costa Rica,2,1,Continental Cup,Home City,Algeria,false
2025-03-08,Morocco,Ecuador,4,0,Continental Cup,Home City,Morocco,false
2021-06-04,Egypt,Netherlands,1,1,Nations League,Home City,Egypt,false
2021-05-24,Japan,Ivory Coast,2,1,World Cup,Doha,Japan,true
2020-04-16,Norway,Brazil,1,2,WC Qualifier,Home City,Norway,false
2021-06-11,Saudi Arabia,New Zealand,1,2,World Cup,Doha,Saudi Arabia,true
2024-03-24,England,Saudi Arabia,2,0,World Cup,Paris,England,true
2019-11-15,Germany,Chile,2,0,Nations League,Home City,Germany,false
2023-05-19,South Africa,Chile,2,1,Nations League,Home City,South Africa,false
2025-06-11,United Arab Emirates,Denmark,4,2,Continental Cup,Home City,United Arab Emirates,false
2025-05-12,England,Croatia,5,1,World Cup,Sydney,England,true
2021-05-03,Paraguay,Croatia,0,3,WC Qualifier,Home City,Paraguay,false
2018-04-01,Wales,Denmark,1,4,Nations League,Home City,Wales,false
2019-01-27,Peru,Qatar,4,1,World Cup,New York,Peru,true
2025-07-21,Sweden,Italy,0,0,Friendly,Home City,Sweden,false
2025-03-18,Ecuador,Austria,0,1,WC Qualifier,Home City,Ecuador,false
2019-10-24,Senegal,Peru,2,1,Continental Cup,Home City,Senegal,false
2020-10-16,Colombia,England,1,1,World Cup,Paris,Colombia,true
2024-12-19,Netherlands,Italy,1,1,WC Qualifier,Home City,Netherlands,false
2018-04-25,Brazil,Canada,2,0,Friendly,Home City,Brazil,false
2018-10-02,Japan,Saudi Arabia,1,0,Friendly,Home City,Japan,false
2025-12-27,Costa Rica,France,0,2,Friendly,Home City,Costa Rica,false
2026-03-22,Ivory Coast,Chile,0,1,World Cup,Paris,Ivory Coast,true
2023-01-27,Costa Rica,England,1,2,Friendly,Home City,Costa Rica,false
2021-04-10,Brazil,France,1,1,World Cup,Berlin,Brazil,true
2025-02-21,Canada,Tunisia,2,1,WC Qualifier,Home City,Canada,false
2020-08-30,Australia,Denmark,1,1,WC Qualifier,Home City,Australia,false
2018-12-23,Chile,Tunisia,1,2,World Cup,Sydney,Chile,true
2021-10-22,South Africa,Costa Rica,1,0,Nations League,Home City,South Africa,false
2022-04-16,South Korea,Croatia,0,1,Friendly,Home City,South Korea,false
2019-01-25,Cameroon,New Zealand,3,0,World Cup,London,Cameroon,true
2018-07-25,France,Denmark,2,1,WC Qualifier,Home City,France,false
2020-04-02,Serbia,New Zealand,4,1,Nations League,Home City,Serbia,false
2021-07-24,Algeria,South Korea,3,0,Continental Cup,Home City,Algeria,false
2026-05-26,Ecuador,Qatar,3,0,Friendly,Home City,Ecuador,false
2023-07-08,Paraguay,Uruguay,1,3,World Cup,Dubai,Paraguay,true
2023-11-16,Canada,South Korea,0,2,WC Qualifier,Home City,Canada,false
2023-03-10,Canada,South Korea,0,2,WC Qualifier,Home City,Canada,false
2021-12-05,Serbia,Qatar,1,1,Nations League,Home City,Serbia,false
2026-02-04,Ecuador,Saudi Arabia,0,0,Nations League,Home City,Ecuador,false
2024-10-18,Spain,Nigeria,2,0,Continental Cup,Home City,Spain,false
2022-05-14,Australia,Croatia,0,0,Friendly,Home City,Australia,false
2021-01-12,Mexico,Switzerland,0,1,WC Qualifier,Home City,Mexico,false
2021-06-22,Paraguay,United Arab Emirates,4,0,Nations League,Home City,Paraguay,false
2025-05-08,Iran,Argentina,1,1,WC Qualifier,Home City,Iran,false
2018-05-17,Serbia,Jamaica,1,0,Continental Cup,Home City,Serbia,false
2018-07-27,Croatia,Iraq,2,0,Continental Cup,Home City,Croatia,false
2019-05-04,Croatia,Austria,1,4,WC Qualifier,Home City,Croatia,false
2018-01-03,Germany,Peru,2,1,WC Qualifier,Home City,Germany,false
2024-11-11,Qatar,Costa Rica,3,4,World Cup,Paris,Qatar,true
2024-05-03,Paraguay,Peru,0,1,Continental Cup,Home City,Paraguay,false
2020-04-03,England,South Africa,4,0,World Cup,Sydney,England,true
2024-02-14,Argentina,Ecuador,2,1,Continental Cup,Home City,Argentina,false
2025-06-13,Wales,New Zealand,3,1,WC Qualifier,Home City,Wales,false
2021-03-13,Jamaica,Netherlands,1,1,Continental Cup,Home City,Jamaica,false
2026-04-10,Brazil,USA,1,0,Nations League,Home City,Brazil,false
2018-02-01,Qatar,Algeria,0,2,Nations League,Home City,Qatar,false
2018-04-15,Germany,Peru,3,1,Nations League,Home City,Germany,false
2024-07-22,Spain,New Zealand,5,0,Continental Cup,Home City,Spain,false
2021-05-18,Colombia,Morocco,0,1,World Cup,Doha,Colombia,true
2022-12-19,Australia,Jamaica,1,2,Nations League,Home City,Australia,false
2025-11-15,Norway,South Korea,3,1,WC Qualifier,Home City,Norway,false
2023-10-09,Switzerland,Peru,4,0,Friendly,Home City,Switzerland,false
2024-11-08,Italy,Colombia,0,1,Nations League,Home City,Italy,false
2022-07-17,Mexico,South Korea,1,1,Nations League,Home City,Mexico,false
2022-04-04,Jamaica,Tunisia,0,1,World Cup,Madrid,Jamaica,true
2018-01-15,Germany,Belgium,1,0,WC Qualifier,Home City,Germany,false
2025-08-06,Morocco,Ivory Coast,3,0,World Cup,Paris,Morocco,true
2024-07-23,Sweden,Belgium,0,0,Nations League,Home City,Sweden,false
2022-08-20,Iraq,Ivory Coast,1,2,World Cup,Sydney,Iraq,true
2018-01-20,Uruguay,Peru,1,0,Continental Cup,Home City,Uruguay,false
2026-02-10,United Arab Emirates,Japan,2,0,Friendly,Home City,United Arab Emirates,false
2021-09-14,Peru,Uruguay,2,1,Continental Cup,Home City,Peru,false
2019-11-15,Iran,Morocco,0,3,Continental Cup,Home City,Iran,false
2020-01-12,Ecuador,Panama,2,0,Friendly,Home City,Ecuador,false
2023-04-22,Costa Rica,Morocco,0,2,Nations League,Home City,Costa Rica,false
2018-05-13,Uruguay,Chile,3,1,WC Qualifier,Home City,Uruguay,false
2022-06-23,Belgium,Japan,3,1,World Cup,Berlin,Belgium,true
2023-06-06,England,Norway,2,0,Continental Cup,Home City,England,false
2024-02-16,Uruguay,Spain,0,0,Nations League,Home City,Uruguay,false
2024-03-25,England,Iraq,0,0,Continental Cup,Home City,England,false
2020-12-09,Iraq,Iran,2,1,Continental Cup,Home City,Iraq,false
2025-08-05,Spain,Switzerland,4,0,Friendly,Home City,Spain,false
2019-07-27,United Arab Emirates,Spain,0,0,Friendly,Home City,United Arab Emirates,false
2018-03-03,United Arab Emirates,Senegal,1,1,Friendly,Home City,United Arab Emirates,false
2025-09-07,Qatar,Panama,2,1,Nations League,Home City,Qatar,false
2024-12-15,Belgium,Mexico,1,1,Nations League,Home City,Belgium,false
2019-01-08,Spain,Argentina,1,0,Continental Cup,Home City,Spain,false
2022-07-13,Canada,Jamaica,1,1,WC Qualifier,Home City,Canada,false
2021-12-01,Costa Rica,Brazil,0,2,WC Qualifier,Home City,Costa Rica,false
2019-12-05,Norway,Spain,2,2,Nations League,Home City,Norway,false
2024-09-03,Serbia,Nigeria,1,0,Nations League,Home City,Serbia,false
2024-07-20,France,Chile,5,0,Nations League,Home City,France,false
2018-07-04,Ecuador,New Zealand,1,1,Continental Cup,Home City,Ecuador,false
2021-03-21,Japan,Switzerland,1,2,Nations League,Home City,Japan,false
2025-07-06,Paraguay,United Arab Emirates,4,0,WC Qualifier,Home City,Paraguay,false
2020-02-28,Costa Rica,Canada,1,2,World Cup,New York,Costa Rica,true
2025-10-18,Chile,Ecuador,0,1,Continental Cup,Home City,Chile,false
2020-03-05,Belgium,Ecuador,0,2,Continental Cup,Home City,Belgium,false
2021-11-28,Ivory Coast,Saudi Arabia,0,4,World Cup,Doha,Ivory Coast,true
2025-12-21,Spain,Sweden,3,1,Continental Cup,Home City,Spain,false
2018-06-07,Spain,France,1,1,Continental Cup,Home City,Spain,false
2020-08-04,Egypt,Iran,2,2,Nations League,Home City,Egypt,false
2026-04-14,Brazil,Belgium,2,0,Nations League,Home City,Brazil,false
2018-02-14,Mexico,Germany,0,3,WC Qualifier,Home City,Mexico,false
2019-08-31,United Arab Emirates,Croatia,0,0,WC Qualifier,Home City,United Arab Emirates,false
2025-10-02,New Zealand,Sweden,2,2,Continental Cup,Home City,New Zealand,false
2020-02-06,Portugal,Uruguay,5,0,World Cup,New York,Portugal,true
2022-02-13,Portugal,Belgium,1,3,World Cup,Paris,Portugal,true
2024-06-06,South Africa,Austria,0,0,WC Qualifier,Home City,South Africa,false
2022-08-04,Uruguay,Tunisia,2,0,World Cup,New York,Uruguay,true
2024-01-20,Chile,Switzerland,3,0,Nations League,Home City,Chile,false
2024-02-09,Morocco,Germany,2,2,World Cup,New York,Morocco,true
2018-06-03,USA,Nigeria,2,2,World Cup,Doha,USA,true
2025-01-21,France,United Arab Emirates,4,0,Continental Cup,Home City,France,false
2021-06-01,Peru,Netherlands,2,3,Nations League,Home City,Peru,false
2023-04-27,Netherlands,Belgium,4,0,Nations League,Home City,Netherlands,false
2024-06-06,Nigeria,Cameroon,1,0,Friendly,Home City,Nigeria,false
2025-09-02,Ivory Coast,Costa Rica,3,0,WC Qualifier,Home City,Ivory Coast,false
2022-05-06,Brazil,New Zealand,2,0,Continental Cup,Home City,Brazil,false
2024-10-09,Croatia,South Africa,3,0,World Cup,Paris,Croatia,true
2022-05-09,Iraq,Colombia,1,0,Continental Cup,Home City,Iraq,false
2026-02-18,Germany,Costa Rica,8,0,Continental Cup,Home City,Germany,false
2020-08-09,Italy,United Arab Emirates,3,0,Continental Cup,Home City,Italy,false
2018-10-11,Norway,Nigeria,5,1,WC Qualifier,Home City,Norway,false
2023-05-05,Qatar,Morocco,2,2,Friendly,Home City,Qatar,false
2022-11-16,Iran,Ivory Coast,0,2,World Cup,Madrid,Iran,true
2024-11-18,Brazil,Denmark,1,0,WC Qualifier,Home City,Brazil,false
2020-04-13,Saudi Arabia,Switzerland,1,0,WC Qualifier,Home City,Saudi Arabia,false
2020-10-23,Argentina,Nigeria,1,0,Nations League,Home City,Argentina,false
2025-06-18,Peru,Belgium,2,1,Nations League,Home City,Peru,false
2025-09-23,New Zealand,Chile,1,3,WC Qualifier,Home City,New Zealand,false
2022-09-22,Algeria,Croatia,0,2,Continental Cup,Home City,Algeria,false
2022-06-19,New Zealand,USA,1,4,WC Qualifier,Home City,New Zealand,false
2021-12-16,United Arab Emirates,Germany,1,3,Friendly,Home City,United Arab Emirates,false
2019-07-06,Austria,Netherlands,2,3,Continental Cup,Home City,Austria,false
2023-10-13,Paraguay,United Arab Emirates,1,0,Nations League,Home City,Paraguay,false
2019-05-21,Uruguay,Norway,2,0,Continental Cup,Home City,Uruguay,false
2018-09-24,Wales,Chile,3,2,World Cup,Paris,Wales,true
2021-03-05,Denmark,Qatar,2,0,Nations League,Home City,Denmark,false
2023-09-11,Ivory Coast,Iran,2,1,WC Qualifier,Home City,Ivory Coast,false
2025-09-07,Austria,Wales,3,1,World Cup,Madrid,Austria,true
2026-03-17,Spain,Senegal,3,0,Nations League,Home City,Spain,false
2023-03-18,South Korea,Belgium,3,2,WC Qualifier,Home City,South Korea,false
2020-04-02,Switzerland,Qatar,3,1,Continental Cup,Home City,Switzerland,false
2021-08-22,South Africa,Germany,0,2,World Cup,Dubai,South Africa,true
2022-10-20,Germany,Colombia,1,0,Continental Cup,Home City,Germany,false
2024-06-05,Nigeria,Argentina,0,2,World Cup,New York,Nigeria,true
2024-11-02,Netherlands,Ivory Coast,1,1,World Cup,Dubai,Netherlands,true
2024-07-15,Sweden,Algeria,1,1,Nations League,Home City,Sweden,false
2020-03-24,Egypt,Portugal,0,2,WC Qualifier,Home City,Egypt,false
2025-11-30,Cameroon,Uruguay,2,2,Friendly,Home City,Cameroon,false
2023-05-20,Netherlands,Sweden,4,2,Nations League,Home City,Netherlands,false
2021-10-06,Ivory Coast,Paraguay,5,1,Nations League,Home City,Ivory Coast,false
2021-01-13,Costa Rica,Norway,0,1,Continental Cup,Home City,Costa Rica,false
2020-12-12,Saudi Arabia,Portugal,1,0,Continental Cup,Home City,Saudi Arabia,false
2021-08-21,Italy,Qatar,1,0,Continental Cup,Home City,Italy,false
2022-11-10,Chile,Costa Rica,3,0,WC Qualifier,Home City,Chile,false
2025-10-23,USA,Germany,1,0,Continental Cup,Home City,USA,false
2025-05-28,Morocco,Belgium,2,1,Friendly,Home City,Morocco,false
2025-08-20,Brazil,Saudi Arabia,2,0,Friendly,Home City,Brazil,false
2023-04-20,Chile,Sweden,0,1,WC Qualifier,Home City,Chile,false
2023-11-09,Spain,Morocco,3,0,WC Qualifier,Home City,Spain,false
2020-03-25,Senegal,New Zealand,3,0,Continental Cup,Home City,Senegal,false
2020-11-25,Panama,Morocco,1,0,Continental Cup,Home City,Panama,false
2019-07-23,South Korea,Nigeria,1,0,WC Qualifier,Home City,South Korea,false
2025-07-12,Belgium,Uruguay,1,1,Continental Cup,Home City,Belgium,false
2026-01-27,Japan,Iraq,1,0,Friendly,Home City,Japan,false
2018-08-25,Chile,Tunisia,1,1,World Cup,London,Chile,true
2020-04-16,New Zealand,Uruguay,2,2,WC Qualifier,Home City,New Zealand,false
2018-02-27,Japan,Italy,1,1,Nations League,Home City,Japan,false
2025-05-05,Ecuador,Nigeria,1,0,WC Qualifier,Home City,Ecuador,false
2023-06-20,Colombia,New Zealand,2,0,World Cup,New York,Colombia,true
2020-07-11,Germany,Tunisia,3,0,Nations League,Home City,Germany,false
2019-05-14,Peru,Senegal,2,1,Nations League,Home City,Peru,false
2022-01-01,Spain,Austria,2,0,Nations League,Home City,Spain,false
2024-11-28,Qatar,Costa Rica,2,1,Friendly,Home City,Qatar,false
2023-05-08,Norway,Algeria,0,0,World Cup,Doha,Norway,true
2020-01-22,Qatar,Serbia,1,4,World Cup,Doha,Qatar,true
2024-01-07,Ivory Coast,USA,2,2,World Cup,Paris,Ivory Coast,true
2019-09-28,Chile,Iraq,6,0,WC Qualifier,Home City,Chile,false
2026-03-01,Italy,Egypt,1,0,Continental Cup,Home City,Italy,false
2019-03-04,Norway,Portugal,1,3,World Cup,Doha,Norway,true
2018-06-01,Panama,Iran,2,1,World Cup,Dubai,Panama,true
2024-03-26,Qatar,Mexico,0,1,WC Qualifier,Home City,Qatar,false
2024-11-01,Croatia,Italy,1,1,Continental Cup,Home City,Croatia,false
2023-03-31,Iran,Argentina,2,5,Nations League,Home City,Iran,false
2020-09-15,Portugal,Serbia,2,0,Friendly,Home City,Portugal,false
2019-06-27,USA,France,1,3,Nations League,Home City,USA,false
2019-08-23,USA,United Arab Emirates,2,0,WC Qualifier,Home City,USA,false
2022-06-18,Algeria,South Africa,3,0,Friendly,Home City,Algeria,false
2023-10-03,Italy,Iran,2,1,World Cup,Paris,Italy,true
2024-07-29,Netherlands,Norway,1,1,Continental Cup,Home City,Netherlands,false
2020-11-25,Wales,Peru,2,2,Continental Cup,Home City,Wales,false
2024-03-29,Austria,Canada,1,3,WC Qualifier,Home City,Austria,false
2020-11-09,Morocco,Sweden,1,1,WC Qualifier,Home City,Morocco,false
2020-10-24,Paraguay,Panama,2,0,WC Qualifier,Home City,Paraguay,false
2018-08-24,Brazil,Jamaica,2,0,Nations League,Home City,Brazil,false
2019-03-25,England,Uruguay,2,1,World Cup,Sydney,England,true
2019-03-01,Sweden,Paraguay,1,0,Friendly,Home City,Sweden,false
2020-10-12,Norway,Nigeria,1,0,Continental Cup,Home City,Norway,false
2021-05-22,Argentina,Serbia,2,0,WC Qualifier,Home City,Argentina,false
2023-04-24,Egypt,Jamaica,0,2,Friendly,Home City,Egypt,false
2025-09-14,Portugal,Peru,0,0,World Cup,Berlin,Portugal,true
2022-02-05,Nigeria,USA,1,0,WC Qualifier,Home City,Nigeria,false
2025-08-18,Argentina,Peru,5,0,Nations League,Home City,Argentina,false
2020-10-06,Qatar,Peru,1,1,Continental Cup,Home City,Qatar,false
2019-03-12,Iraq,Senegal,2,0,WC Qualifier,Home City,Iraq,false
2018-01-23,Tunisia,South Africa,1,2,Friendly,Home City,Tunisia,false
2021-05-09,USA,Denmark,0,3,Friendly,Home City,USA,false
2024-04-27,Switzerland,South Africa,5,0,Friendly,Home City,Switzerland,false
2018-04-10,Costa Rica,Cameroon,2,1,World Cup,Madrid,Costa Rica,true
2022-09-16,New Zealand,Chile,3,2,Continental Cup,Home City,New Zealand,false
2022-04-07,Ecuador,Sweden,1,2,World Cup,Dubai,Ecuador,true
2022-11-20,Sweden,Cameroon,4,0,WC Qualifier,Home City,Sweden,false
2023-04-24,Peru,Switzerland,2,1,Nations League,Home City,Peru,false
2020-05-17,Germany,South Africa,4,0,Continental Cup,Home City,Germany,false
2018-05-29,United Arab Emirates,Mexico,2,2,World Cup,Paris,United Arab Emirates,true
2024-12-08,Wales,Ecuador,3,2,Nations League,Home City,Wales,false
2023-12-19,Argentina,Jamaica,4,0,Nations League,Home City,Argentina,false
2019-01-21,Iraq,Panama,2,1,Nations League,Home City,Iraq,false
2026-02-01,South Korea,Belgium,2,2,World Cup,Dubai,South Korea,true
2021-08-23,Brazil,Algeria,6,0,Friendly,Home City,Brazil,false
2021-07-13,Panama,Japan,2,1,WC Qualifier,Home City,Panama,false
2019-12-27,Wales,Nigeria,1,0,World Cup,New York,Wales,true
2022-02-10,Wales,USA,0,2,WC Qualifier,Home City,Wales,false
2023-08-15,Japan,Switzerland,0,1,Friendly,Home City,Japan,false
2026-05-03,Belgium,Saudi Arabia,2,0,Friendly,Home City,Belgium,false
2021-10-31,Iraq,Colombia,0,2,World Cup,Dubai,Iraq,true
2024-02-17,Panama,United Arab Emirates,0,1,World Cup,Berlin,Panama,true
2019-07-02,Jamaica,New Zealand,5,1,World Cup,Sydney,Jamaica,true
2023-08-19,Austria,Egypt,1,1,Continental Cup,Home City,Austria,false
2026-03-05,Belgium,Senegal,3,1,Friendly,Home City,Belgium,false
2020-10-15,Switzerland,Morocco,2,1,World Cup,Madrid,Switzerland,true
2024-04-14,United Arab Emirates,Austria,2,1,WC Qualifier,Home City,United Arab Emirates,false
2018-10-31,Cameroon,Spain,0,2,Continental Cup,Home City,Cameroon,false
2025-06-04,South Africa,Morocco,0,2,WC Qualifier,Home City,South Africa,false
2018-07-26,USA,Iraq,2,0,WC Qualifier,Home City,USA,false
2018-07-04,Costa Rica,Switzerland,0,1,Continental Cup,Home City,Costa Rica,false
2019-12-26,Senegal,Norway,2,1,Continental Cup,Home City,Senegal,false
2020-06-23,Portugal,Morocco,1,1,World Cup,Madrid,Portugal,true
2021-05-28,Japan,Cameroon,4,0,WC Qualifier,Home City,Japan,false
2025-03-07,Croatia,South Korea,1,0,World Cup,Dubai,Croatia,true
2024-09-18,Netherlands,Morocco,1,0,Nations League,Home City,Netherlands,false
2021-12-06,Nigeria,New Zealand,3,1,World Cup,Doha,Nigeria,true
2018-12-17,Egypt,South Africa,1,1,WC Qualifier,Home City,Egypt,false
2022-04-07,Norway,Costa Rica,3,3,Friendly,Home City,Norway,false
2019-07-28,Italy,Morocco,4,0,Continental Cup,Home City,Italy,false
2024-12-01,Wales,France,0,1,WC Qualifier,Home City,Wales,false
2022-04-23,Nigeria,USA,1,0,Friendly,Home City,Nigeria,false
2020-06-24,Germany,Ecuador,1,0,WC Qualifier,Home City,Germany,false
2022-01-05,Chile,Portugal,0,0,WC Qualifier,Home City,Chile,false
2020-01-13,Australia,Colombia,0,2,World Cup,London,Australia,true
2026-01-03,Iraq,Norway,3,0,World Cup,Doha,Iraq,true
2020-01-27,Colombia,New Zealand,2,0,Friendly,Home City,Colombia,false
2018-03-17,Cameroon,South Korea,0,1,WC Qualifier,Home City,Cameroon,false
2019-10-15,Peru,Germany,2,1,Continental Cup,Home City,Peru,false
2022-01-24,South Korea,Paraguay,3,0,Nations League,Home City,South Korea,false
2021-12-07,Canada,Tunisia,2,0,Friendly,Home City,Canada,false
2023-12-10,Paraguay,Belgium,2,3,Friendly,Home City,Paraguay,false
2022-11-21,Panama,Jamaica,3,2,Friendly,Home City,Panama,false
2025-02-18,Qatar,Austria,0,1,Nations League,Home City,Qatar,false
2026-03-10,Paraguay,Senegal,0,1,WC Qualifier,Home City,Paraguay,false
2022-07-27,Argentina,Wales,3,0,Nations League,Home City,Argentina,false
2019-09-07,Austria,Egypt,2,1,WC Qualifier,Home City,Austria,false
2023-02-01,Morocco,South Korea,0,0,Nations League,Home City,Morocco,false
2025-05-28,Saudi Arabia,Iraq,0,0,Continental Cup,Home City,Saudi Arabia,false
2018-10-27,Denmark,Netherlands,2,1,Continental Cup,Home City,Denmark,false
2018-08-11,Chile,Denmark,1,2,Friendly,Home City,Chile,false
2020-06-28,Switzerland,Saudi Arabia,0,2,Friendly,Home City,Switzerland,false
2021-08-02,Denmark,Brazil,0,0,WC Qualifier,Home City,Denmark,false
2021-09-25,Ecuador,Netherlands,0,3,WC Qualifier,Home City,Ecuador,false
2020-10-11,USA,Croatia,2,3,Continental Cup,Home City,USA,false
2018-03-07,Argentina,Sweden,2,0,Nations League,Home City,Argentina,false
2021-11-25,South Africa,South Korea,2,3,WC Qualifier,Home City,South Africa,false
2018-11-05,South Korea,Belgium,2,1,Friendly,Home City,South Korea,false
2019-01-03,Iran,Cameroon,1,3,Friendly,Home City,Iran,false
2025-01-10,Canada,South Korea,3,1,Continental Cup,Home City,Canada,false
2021-12-12,United Arab Emirates,Tunisia,0,1,Nations League,Home City,United Arab Emirates,false
2022-11-10,Japan,Paraguay,5,0,Nations League,Home City,Japan,false
2019-01-28,Canada,Paraguay,2,0,Friendly,Home City,Canada,false
2024-08-30,Belgium,Qatar,3,1,WC Qualifier,Home City,Belgium,false
2019-01-06,Peru,Iran,1,2,Continental Cup,Home City,Peru,false
2018-11-05,Italy,Norway,2,0,Continental Cup,Home City,Italy,false
2023-10-18,Senegal,Belgium,1,0,Friendly,Home City,Senegal,false
2026-02-16,Spain,Croatia,4,0,World Cup,New York,Spain,true
2024-12-03,Cameroon,Netherlands,0,2,WC Qualifier,Home City,Cameroon,false
2021-09-19,Iraq,Australia,2,2,World Cup,London,Iraq,true
2023-09-20,Qatar,Senegal,2,1,Nations League,Home City,Qatar,false
2022-03-30,Algeria,United Arab Emirates,3,2,Continental Cup,Home City,Algeria,false
2021-12-04,Italy,Switzerland,1,2,World Cup,Doha,Italy,true
2025-01-14,Iran,New Zealand,0,1,Continental Cup,Home City,Iran,false
2019-04-09,Iran,France,1,4,Nations League,Home City,Iran,false
2022-12-10,USA,Germany,0,1,Nations League,Home City,USA,false
2024-10-16,Norway,England,0,2,Continental Cup,Home City,Norway,false
2022-11-09,Iraq,Germany,1,3,Nations League,Home City,Iraq,false
2025-03-27,Italy,Iraq,1,0,WC Qualifier,Home City,Italy,false
2025-03-01,Qatar,Switzerland,1,1,WC Qualifier,Home City,Qatar,false
2020-07-22,Germany,Egypt,3,0,Friendly,Home City,Germany,false
2025-05-15,Peru,South Africa,0,3,Friendly,Home City,Peru,false
2023-07-07,Iraq,Portugal,0,2,Friendly,Home City,Iraq,false
2023-02-25,Chile,South Africa,6,0,World Cup,Dubai,Chile,true
2021-12-16,Austria,Panama,1,0,Friendly,Home City,Austria,false
2025-09-19,Germany,Spain,1,3,World Cup,Berlin,Germany,true
2024-04-12,Canada,Italy,1,3,Friendly,Home City,Canada,false
2020-06-29,Canada,Italy,3,1,World Cup,New York,Canada,true
2021-03-26,Wales,Iraq,2,1,World Cup,London,Wales,true
2019-09-30,Canada,Peru,1,1,WC Qualifier,Home City,Canada,false
2022-04-12,Ecuador,Japan,0,1,WC Qualifier,Home City,Ecuador,false
2021-03-12,Croatia,Portugal,1,0,Nations League,Home City,Croatia,false
2021-08-16,Ivory Coast,Argentina,0,2,Nations League,Home City,Ivory Coast,false
2025-03-04,Portugal,Denmark,5,2,World Cup,Berlin,Portugal,true
2024-11-07,Belgium,Nigeria,2,0,Friendly,Home City,Belgium,false
2024-12-18,Belgium,Morocco,1,0,World Cup,Madrid,Belgium,true
2020-10-17,Australia,Norway,3,0,Continental Cup,Home City,Australia,false
2019-03-19,Ecuador,Belgium,1,1,Continental Cup,Home City,Ecuador,false
2021-09-24,England,Nigeria,2,0,WC Qualifier,Home City,England,false
2022-02-26,Cameroon,Australia,1,0,Continental Cup,Home City,Cameroon,false
2025-01-14,Panama,Spain,0,0,Friendly,Home City,Panama,false
2020-10-21,Netherlands,Austria,2,1,World Cup,Berlin,Netherlands,true
2023-07-29,Cameroon,Qatar,2,0,World Cup,Paris,Cameroon,true
2018-05-17,Peru,Iran,2,0,WC Qualifier,Home City,Peru,false
2020-02-04,United Arab Emirates,Wales,1,0,Friendly,Home City,United Arab Emirates,false
2025-11-20,Japan,Iran,0,0,WC Qualifier,Home City,Japan,false
2025-05-12,Australia,Wales,2,0,Continental Cup,Home City,Australia,false
2023-02-19,Tunisia,Ivory Coast,3,0,World Cup,New York,Tunisia,true
2020-08-16,Sweden,Italy,0,2,World Cup,Berlin,Sweden,true
2019-09-30,Panama,USA,1,1,World Cup,Dubai,Panama,true
2025-01-01,Switzerland,Paraguay,2,0,WC Qualifier,Home City,Switzerland,false
2019-12-31,Italy,Germany,1,1,World Cup,Sydney,Italy,true
2020-03-03,Croatia,South Korea,1,1,Friendly,Home City,Croatia,false
2019-08-25,Saudi Arabia,Cameroon,0,1,Continental Cup,Home City,Saudi Arabia,false
2023-11-12,France,Italy,3,0,World Cup,Paris,France,true
2019-08-07,Canada,Serbia,1,0,Continental Cup,Home City,Canada,false
2021-05-26,Ecuador,Netherlands,0,2,WC Qualifier,Home City,Ecuador,false
2025-07-28,Sweden,USA,2,0,Nations League,Home City,Sweden,false
2023-09-28,Qatar,Morocco,0,3,WC Qualifier,Home City,Qatar,false
2019-10-19,Australia,Sweden,0,1,World Cup,London,Australia,true
2025-07-08,South Africa,Canada,0,2,Friendly,Home City,South Africa,false
2026-01-18,France,Senegal,0,0,World Cup,New York,France,true
2024-05-30,Chile,Belgium,1,4,Nations League,Home City,Chile,false
2022-12-06,Tunisia,Costa Rica,2,0,WC Qualifier,Home City,Tunisia,false
2020-12-07,Cameroon,Ivory Coast,0,3,Friendly,Home City,Cameroon,false
2022-07-05,Ecuador,Sweden,0,2,WC Qualifier,Home City,Ecuador,false
2018-02-03,Portugal,Serbia,2,1,World Cup,Berlin,Portugal,true
2020-12-29,Austria,Brazil,1,1,Continental Cup,Home City,Austria,false
2023-07-04,Egypt,Switzerland,4,1,Nations League,Home City,Egypt,false
2018-07-05,Egypt,Tunisia,5,2,Friendly,Home City,Egypt,false
2024-07-28,Mexico,Canada,3,0,WC Qualifier,Home City,Mexico,false
2026-05-30,United Arab Emirates,Algeria,1,1,World Cup,Doha,United Arab Emirates,true
2018-01-17,Mexico,Ecuador,3,0,WC Qualifier,Home City,Mexico,false
2023-01-12,Portugal,Egypt,1,0,Friendly,Home City,Portugal,false
2019-08-05,Senegal,Canada,3,1,World Cup,Madrid,Senegal,true
2020-09-17,Cameroon,Netherlands,2,5,Friendly,Home City,Cameroon,false
2020-09-24,England,Senegal,2,1,WC Qualifier,Home City,England,false
2020-01-12,Chile,Netherlands,2,1,Continental Cup,Home City,Chile,false
2026-02-01,Senegal,Iran,0,0,WC Qualifier,Home City,Senegal,false
2025-07-08,Cameroon,Spain,1,1,WC Qualifier,Home City,Cameroon,false
2023-03-12,Belgium,Sweden,1,1,World Cup,Berlin,Belgium,true
2019-05-14,Cameroon,Australia,0,1,Nations League,Home City,Cameroon,false
2022-09-05,Morocco,Netherlands,0,0,Friendly,Home City,Morocco,false
2025-05-24,Netherlands,South Africa,4,0,Continental Cup,Home City,Netherlands,false
2023-06-27,Peru,Norway,2,1,Nations League,Home City,Peru,false
2024-03-13,Australia,Iran,1,0,World Cup,Doha,Australia,true
2023-01-11,South Korea,Netherlands,0,2,World Cup,London,South Korea,true
2021-10-17,Jamaica,Belgium,0,0,Continental Cup,Home City,Jamaica,false
2018-11-24,Peru,Iraq,3,2,Continental Cup,Home City,Peru,false
2020-12-30,Denmark,Tunisia,3,0,Continental Cup,Home City,Denmark,false
2020-03-30,Peru,Uruguay,1,0,Friendly,Home City,Peru,false
2022-06-02,Qatar,Mexico,0,3,WC Qualifier,Home City,Qatar,false
2020-01-02,Uruguay,Serbia,2,1,Friendly,Home City,Uruguay,false
2018-07-15,Morocco,Denmark,5,0,Continental Cup,Home City,Morocco,false
2025-11-01,Tunisia,Mexico,1,0,WC Qualifier,Home City,Tunisia,false
2021-01-15,Iran,Croatia,1,3,Friendly,Home City,Iran,false
2022-03-21,South Africa,Costa Rica,0,2,Continental Cup,Home City,South Africa,false
2018-10-07,Morocco,Switzerland,1,0,WC Qualifier,Home City,Morocco,false
2020-09-23,USA,Colombia,3,1,Friendly,Home City,USA,false
2019-10-14,Spain,Austria,3,0,WC Qualifier,Home City,Spain,false
2023-12-09,Peru,Cameroon,1,0,Friendly,Home City,Peru,false
2019-09-24,Mexico,England,0,2,Nations League,Home City,Mexico,false
2021-10-21,Ecuador,Austria,1,0,World Cup,London,Ecuador,true
2022-09-16,Italy,Belgium,0,0,World Cup,London,Italy,true
2024-01-15,Panama,Norway,3,0,Nations League,Home City,Panama,false
2023-04-10,Tunisia,Iran,2,1,WC Qualifier,Home City,Tunisia,false
2023-06-24,Morocco,Paraguay,6,0,World Cup,Berlin,Morocco,true
2021-12-24,Japan,Germany,0,2,Continental Cup,Home City,Japan,false
2019-04-25,Ecuador,Tunisia,3,0,Friendly,Home City,Ecuador,false
2018-07-24,Canada,Costa Rica,2,0,WC Qualifier,Home City,Canada,false
2019-02-13,England,Uruguay,3,0,Continental Cup,Home City,England,false
2021-01-22,Panama,Serbia,1,3,Nations League,Home City,Panama,false
2019-03-05,Panama,Saudi Arabia,3,1,Friendly,Home City,Panama,false
2020-03-16,Iran,Portugal,1,3,Continental Cup,Home City,Iran,false
2019-03-18,Italy,Peru,4,0,Friendly,Home City,Italy,false
2022-01-06,South Africa,Iran,1,0,Friendly,Home City,South Africa,false
2026-02-20,USA,Paraguay,2,1,Nations League,Home City,USA,false
2025-11-02,United Arab Emirates,Jamaica,2,1,Nations League,Home City,United Arab Emirates,false
2025-01-27,Croatia,Saudi Arabia,1,0,Friendly,Home City,Croatia,false
2021-11-05,Iran,Mexico,2,1,Continental Cup,Home City,Iran,false
2024-06-05,USA,Germany,2,2,Nations League,Home City,USA,false
2022-07-25,Algeria,Netherlands,1,3,Nations League,Home City,Algeria,false
2022-06-25,Egypt,Sweden,1,3,Nations League,Home City,Egypt,false
2021-01-14,Canada,Algeria,1,2,WC Qualifier,Home City,Canada,false
2024-06-04,Netherlands,Belgium,1,2,WC Qualifier,Home City,Netherlands,false
2018-10-05,Netherlands,Italy,0,1,Friendly,Home City,Netherlands,false
2022-05-27,Costa Rica,Canada,1,0,Friendly,Home City,Costa Rica,false
2018-06-28,Qatar,Nigeria,1,1,Continental Cup,Home City,Qatar,false
2020-06-19,Japan,Qatar,1,0,WC Qualifier,Home City,Japan,false
2020-11-13,Egypt,United Arab Emirates,1,1,Friendly,Home City,Egypt,false
2023-01-16,New Zealand,Brazil,0,1,Nations League,Home City,New Zealand,false
2024-10-29,Morocco,Ecuador,3,2,World Cup,Madrid,Morocco,true
2023-03-25,Nigeria,Denmark,1,1,World Cup,Doha,Nigeria,true
2024-02-06,Colombia,Qatar,5,1,Friendly,Home City,Colombia,false
2020-12-12,Egypt,Uruguay,2,1,Friendly,Home City,Egypt,false
2019-06-08,Brazil,Saudi Arabia,2,0,Nations League,Home City,Brazil,false
2023-06-20,Uruguay,Wales,1,0,WC Qualifier,Home City,Uruguay,false
2020-01-20,Italy,Canada,4,0,Friendly,Home City,Italy,false
2026-03-17,Nigeria,Chile,2,3,Nations League,Home City,Nigeria,false
2025-10-02,France,Colombia,2,0,Friendly,Home City,France,false
2021-11-22,Costa Rica,Jamaica,2,1,Continental Cup,Home City,Costa Rica,false
2024-05-22,New Zealand,Paraguay,1,1,Continental Cup,Home City,New Zealand,false
2024-01-01,Switzerland,Austria,1,1,Friendly,Home City,Switzerland,false
2025-04-03,Germany,Peru,2,0,WC Qualifier,Home City,Germany,false
2021-06-15,United Arab Emirates,Senegal,1,0,World Cup,London,United Arab Emirates,true
2023-06-02,Spain,Portugal,3,1,Continental Cup,Home City,Spain,false
2020-07-06,Serbia,Japan,0,2,WC Qualifier,Home City,Serbia,false
2025-11-29,Paraguay,Germany,1,2,Nations League,Home City,Paraguay,false
2024-06-22,Ecuador,Peru,1,0,Friendly,Home City,Ecuador,false
2025-12-03,Qatar,Ivory Coast,2,2,World Cup,Dubai,Qatar,true
2019-02-18,Iraq,Italy,2,1,WC Qualifier,Home City,Iraq,false
2023-05-07,Peru,Algeria,1,3,WC Qualifier,Home City,Peru,false
2021-08-25,Morocco,Canada,2,2,Nations League,Home City,Morocco,false
2018-02-11,Denmark,Nigeria,0,0,Continental Cup,Home City,Denmark,false
2023-06-21,United Arab Emirates,Japan,0,1,WC Qualifier,Home City,United Arab Emirates,false
2018-03-10,Paraguay,Egypt,0,2,World Cup,New York,Paraguay,true
2023-05-03,Austria,Netherlands,2,2,World Cup,Berlin,Austria,true
2023-04-23,Algeria,Australia,4,3,Nations League,Home City,Algeria,false
2019-03-01,New Zealand,Canada,2,0,World Cup,Berlin,New Zealand,true
2018-04-17,Panama,Uruguay,1,0,WC Qualifier,Home City,Panama,false
2024-10-09,South Korea,Jamaica,2,1,WC Qualifier,Home City,South Korea,false
2019-05-02,South Africa,Belgium,1,1,Continental Cup,Home City,South Africa,false
2018-09-07,Austria,Portugal,0,2,WC Qualifier,Home City,Austria,false
2023-03-20,Mexico,New Zealand,2,0,World Cup,Sydney,Mexico,true
2021-08-20,Paraguay,New Zealand,2,0,World Cup,Berlin,Paraguay,true
2019-05-10,Jamaica,Norway,0,2,Friendly,Home City,Jamaica,false
2022-07-31,Uruguay,France,3,0,World Cup,Sydney,Uruguay,true
2024-04-11,Wales,Serbia,0,0,Friendly,Home City,Wales,false
2026-04-27,Serbia,Egypt,1,1,Friendly,Home City,Serbia,false
2023-03-18,Ecuador,Tunisia,4,2,Friendly,Home City,Ecuador,false
2020-09-12,Belgium,Algeria,5,1,Friendly,Home City,Belgium,false
2023-02-20,Costa Rica,USA,2,0,World Cup,New York,Costa Rica,true
2025-06-06,England,Austria,2,0,World Cup,Sydney,England,true
2023-12-29,Iran,Norway,3,0,World Cup,Madrid,Iran,true
2024-04-27,Brazil,Morocco,2,2,WC Qualifier,Home City,Brazil,false
2024-11-14,Argentina,Algeria,3,0,Friendly,Home City,Argentina,false
2024-09-04,New Zealand,Chile,1,1,Nations League,Home City,New Zealand,false
2024-10-28,Italy,Australia,2,0,WC Qualifier,Home City,Italy,false
2025-12-10,United Arab Emirates,Spain,1,0,Continental Cup,Home City,United Arab Emirates,false
2022-12-17,Mexico,Iraq,2,1,Nations League,Home City,Mexico,false
2023-12-17,Panama,Ivory Coast,2,0,WC Qualifier,Home City,Panama,false
2022-12-01,Japan,Egypt,5,1,Friendly,Home City,Japan,false
2018-03-18,Costa Rica,Ecuador,0,0,Friendly,Home City,Costa Rica,false
2021-04-24,Sweden,Egypt,3,1,Friendly,Home City,Sweden,false
2023-04-01,Senegal,Australia,0,0,Friendly,Home City,Senegal,false
2019-02-28,Wales,Denmark,1,3,World Cup,London,Wales,true
2019-03-13,Croatia,Ecuador,1,0,Nations League,Home City,Croatia,false
2026-05-29,Peru,Serbia,0,4,Friendly,Home City,Peru,false
2024-06-14,Colombia,Uruguay,0,0,Continental Cup,Home City,Colombia,false
2021-06-01,Morocco,Japan,1,1,Continental Cup,Home City,Morocco,false
2020-09-02,Norway,Morocco,1,1,Continental Cup,Home City,Norway,false
2021-05-29,Nigeria,Ivory Coast,1,2,Nations League,Home City,Nigeria,false
2020-04-21,USA,Portugal,4,1,WC Qualifier,Home City,USA,false
2021-10-07,Italy,South Korea,2,1,WC Qualifier,Home City,Italy,false
2019-04-19,Panama,Switzerland,0,0,Nations League,Home City,Panama,false
2019-11-11,Peru,Brazil,0,3,World Cup,Berlin,Peru,true
2019-08-16,Chile,Italy,0,3,World Cup,Paris,Chile,true
2023-07-27,Colombia,Denmark,3,1,WC Qualifier,Home City,Colombia,false
2026-05-27,Iraq,Canada,2,1,Friendly,Home City,Iraq,false
2023-01-12,Brazil,Iran,6,0,Friendly,Home City,Brazil,false
2022-05-07,United Arab Emirates,Qatar,1,1,WC Qualifier,Home City,United Arab Emirates,false
2025-07-31,Peru,Germany,1,1,Friendly,Home City,Peru,false
2019-07-29,Paraguay,Morocco,0,3,WC Qualifier,Home City,Paraguay,false
2019-04-12,England,Morocco,2,1,Nations League,Home City,England,false
2021-05-02,Belgium,South Korea,3,0,Nations League,Home City,Belgium,false
2018-06-07,Panama,Serbia,0,2,Continental Cup,Home City,Panama,false
2024-10-22,Portugal,France,2,0,Friendly,Home City,Portugal,false
2019-11-05,Brazil,Tunisia,1,1,World Cup,Berlin,Brazil,true
2022-12-02,Croatia,Saudi Arabia,1,0,Nations League,Home City,Croatia,false
2024-02-15,United Arab Emirates,France,1,1,World Cup,Dubai,United Arab Emirates,true
2025-01-17,Cameroon,Canada,2,1,World Cup,Madrid,Cameroon,true
2021-11-26,Germany,Denmark,2,1,WC Qualifier,Home City,Germany,false
2021-06-19,Egypt,Tunisia,2,0,Nations League,Home City,Egypt,false
2023-09-19,Saudi Arabia,Sweden,3,2,Nations League,Home City,Saudi Arabia,false
2023-08-25,Costa Rica,Qatar,2,0,World Cup,London,Costa Rica,true
2021-04-26,Chile,Belgium,1,1,WC Qualifier,Home City,Chile,false
2018-06-28,Spain,Colombia,1,0,Continental Cup,Home City,Spain,false
2020-02-17,Japan,Serbia,0,0,World Cup,Madrid,Japan,true
2019-04-11,Colombia,Wales,3,1,Friendly,Home City,Colombia,false
2026-01-25,Cameroon,Iraq,3,2,World Cup,Berlin,Cameroon,true
2023-05-09,Costa Rica,South Africa,3,3,Friendly,Home City,Costa Rica,false
2018-03-19,Italy,Algeria,1,0,World Cup,New York,Italy,true
2025-08-01,Egypt,Ivory Coast,2,1,Friendly,Home City,Egypt,false
2020-10-11,Norway,Croatia,2,2,World Cup,Paris,Norway,true
2025-07-20,Chile,Japan,2,1,WC Qualifier,Home City,Chile,false
2025-02-24,Italy,Jamaica,3,0,Continental Cup,Home City,Italy,false
2024-10-29,Tunisia,Croatia,0,3,World Cup,Sydney,Tunisia,true
2025-06-19,Jamaica,Spain,1,2,Nations League,Home City,Jamaica,false
2020-04-29,Spain,Costa Rica,4,0,Continental Cup,Home City,Spain,false
2026-02-16,Costa Rica,Switzerland,1,4,World Cup,Berlin,Costa Rica,true
2023-05-04,Tunisia,Croatia,1,1,Friendly,Home City,Tunisia,false
2021-04-19,Tunisia,Panama,3,0,World Cup,London,Tunisia,true
2023-10-15,Saudi Arabia,Nigeria,3,0,World Cup,Paris,Saudi Arabia,true
2023-12-10,Austria,Egypt,6,0,WC Qualifier,Home City,Austria,false
2021-03-24,Qatar,Austria,1,1,Nations League,Home City,Qatar,false
2018-07-26,Germany,Jamaica,2,0,Nations League,Home City,Germany,false
2018-08-20,Uruguay,Egypt,3,0,Continental Cup,Home City,Uruguay,false
2020-10-19,Iraq,Paraguay,2,0,World Cup,Doha,Iraq,true
2020-08-15,Uruguay,Mexico,1,2,Continental Cup,Home City,Uruguay,false
2025-06-01,Colombia,Croatia,1,0,Friendly,Home City,Colombia,false
2021-06-27,Iraq,Netherlands,1,1,WC Qualifier,Home City,Iraq,false
2018-02-01,Senegal,Belgium,1,1,Friendly,Home City,Senegal,false
2024-04-05,Ecuador,Croatia,1,1,Nations League,Home City,Ecuador,false
2024-01-14,Qatar,Brazil,1,1,Nations League,Home City,Qatar,false
2025-06-03,Ivory Coast,Brazil,0,4,World Cup,Sydney,Ivory Coast,true
2025-10-09,France,Panama,2,1,Friendly,Home City,France,false
2023-04-14,Japan,Costa Rica,0,1,Continental Cup,Home City,Japan,false
2018-01-27,Peru,Uruguay,1,2,WC Qualifier,Home City,Peru,false
2022-06-13,Iraq,Peru,1,0,Friendly,Home City,Iraq,false
2024-01-22,Jamaica,Austria,0,2,WC Qualifier,Home City,Jamaica,false
2018-02-16,Croatia,Morocco,1,1,Friendly,Home City,Croatia,false
2024-04-03,Spain,Iraq,2,0,WC Qualifier,Home City,Spain,false
2022-02-01,Ivory Coast,Mexico,2,1,Nations League,Home City,Ivory Coast,false
2021-05-06,Brazil,Nigeria,1,1,Continental Cup,Home City,Brazil,false
2018-08-09,Senegal,Brazil,0,3,World Cup,New York,Senegal,true
2021-01-30,England,Senegal,0,1,World Cup,Sydney,England,true
2025-07-24,Senegal,Italy,1,3,Friendly,Home City,Senegal,false
2026-01-21,Uruguay,Italy,2,1,WC Qualifier,Home City,Uruguay,false
2021-01-27,Iran,USA,2,0,Friendly,Home City,Iran,false
2021-07-28,Japan,Italy,1,6,World Cup,Berlin,Japan,true
2023-03-12,Norway,England,2,0,World Cup,Madrid,Norway,true
2020-02-10,Switzerland,Colombia,2,0,Nations League,Home City,Switzerland,false
2025-09-01,South Korea,France,2,5,Friendly,Home City,South Korea,false
2022-01-20,Panama,Spain,0,3,World Cup,Doha,Panama,true
2021-04-04,Portugal,Colombia,0,1,World Cup,Madrid,Portugal,true
2022-07-26,South Korea,Colombia,0,0,Friendly,Home City,South Korea,false
2021-03-31,Denmark,Cameroon,2,0,Continental Cup,Home City,Denmark,false
2026-05-06,Tunisia,Mexico,0,3,WC Qualifier,Home City,Tunisia,false
2021-06-05,Mexico,Portugal,1,1,WC Qualifier,Home City,Mexico,false
2025-11-06,Nigeria,Japan,2,4,Continental Cup,Home City,Nigeria,false
2018-10-16,Paraguay,USA,1,1,World Cup,New York,Paraguay,true
2026-02-20,England,Nigeria,1,0,Friendly,Home City,England,false
2022-05-23,England,Colombia,2,0,Nations League,Home City,England,false
2022-01-17,Saudi Arabia,Egypt,1,0,World Cup,Dubai,Saudi Arabia,true
2026-02-03,Serbia,Mexico,1,0,WC Qualifier,Home City,Serbia,false
2022-02-16,Egypt,USA,2,3,Continental Cup,Home City,Egypt,false
2022-04-25,Canada,New Zealand,1,1,Continental Cup,Home City,Canada,false
2024-08-07,France,South Korea,4,1,WC Qualifier,Home City,France,false
2018-03-18,Sweden,Qatar,1,0,Nations League,Home City,Sweden,false
2025-12-26,Panama,Ecuador,3,1,Nations League,Home City,Panama,false
2021-05-12,Croatia,Spain,1,0,Friendly,Home City,Croatia,false
2024-01-22,Sweden,South Africa,3,0,Friendly,Home City,Sweden,false
2021-03-26,Saudi Arabia,South Korea,0,0,Continental Cup,Home City,Saudi Arabia,false
2022-09-27,Belgium,Mexico,1,1,Friendly,Home City,Belgium,false
2020-02-19,Canada,Algeria,1,2,World Cup,New York,Canada,true
2022-07-12,Denmark,Wales,3,1,Nations League,Home City,Denmark,false
2023-07-11,Portugal,Ivory Coast,0,0,Continental Cup,Home City,Portugal,false
2026-01-01,Argentina,Morocco,3,0,Nations League,Home City,Argentina,false
2024-12-12,New Zealand,United Arab Emirates,1,4,Friendly,Home City,New Zealand,false
2023-01-29,Uruguay,USA,1,0,WC Qualifier,Home City,Uruguay,false
2021-06-04,Peru,Egypt,2,0,Nations League,Home City,Peru,false
2024-05-03,Cameroon,Paraguay,0,2,Friendly,Home City,Cameroon,false
2019-06-23,Qatar,Spain,1,2,Nations League,Home City,Qatar,false
2023-07-06,Germany,Norway,0,0,Nations League,Home City,Germany,false
2023-06-23,USA,New Zealand,1,0,Nations League,Home City,USA,false
2021-07-26,Portugal,Peru,1,0,Friendly,Home City,Portugal,false
2025-10-16,Ivory Coast,Japan,1,0,World Cup,Paris,Ivory Coast,true
2022-06-04,USA,Norway,1,0,World Cup,Paris,USA,true
2022-04-16,Iraq,Brazil,0,3,World Cup,New York,Iraq,true
2025-10-25,Netherlands,Canada,2,1,Continental Cup,Home City,Netherlands,false
2019-04-04,Norway,Jamaica,2,0,WC Qualifier,Home City,Norway,false
2019-02-09,New Zealand,Paraguay,5,0,Continental Cup,Home City,New Zealand,false
2025-08-07,Italy,Austria,2,1,Continental Cup,Home City,Italy,false
2020-07-18,England,Croatia,3,2,Nations League,Home City,England,false
2023-04-15,Canada,Switzerland,0,2,Continental Cup,Home City,Canada,false
2018-05-08,Canada,Ivory Coast,2,1,Friendly,Home City,Canada,false
2022-01-27,Algeria,France,0,2,World Cup,Paris,Algeria,true
2019-02-26,South Africa,Switzerland,1,2,Continental Cup,Home City,South Africa,false
2025-08-31,Canada,Switzerland,4,0,Continental Cup,Home City,Canada,false
2025-02-04,South Africa,Serbia,1,1,World Cup,Berlin,South Africa,true
2021-01-25,Peru,Egypt,1,3,Nations League,Home City,Peru,false
2024-06-10,Egypt,Tunisia,1,0,Friendly,Home City,Egypt,false
2018-09-12,Australia,Jamaica,0,0,Friendly,Home City,Australia,false
2023-08-06,Nigeria,Egypt,1,1,World Cup,Sydney,Nigeria,true
2022-01-11,United Arab Emirates,Peru,3,0,Friendly,Home City,United Arab Emirates,false
2025-11-30,Denmark,Brazil,1,2,Nations League,Home City,Denmark,false
2020-04-12,Saudi Arabia,Austria,1,0,World Cup,Dubai,Saudi Arabia,true
2026-03-26,Ecuador,Tunisia,1,3,Friendly,Home City,Ecuador,false
2019-07-03,Chile,Algeria,2,2,Friendly,Home City,Chile,false
2025-08-19,Panama,Colombia,2,2,Continental Cup,Home City,Panama,false
2018-08-04,Morocco,Cameroon,0,0,Continental Cup,Home City,Morocco,false
2025-04-18,Austria,Cameroon,1,2,Continental Cup,Home City,Austria,false
2023-11-05,Spain,Morocco,2,2,WC Qualifier,Home City,Spain,false
2023-03-20,Spain,Japan,3,2,WC Qualifier,Home City,Spain,false
2021-07-11,Morocco,Croatia,1,0,Friendly,Home City,Morocco,false
2024-09-20,Tunisia,Ecuador,0,3,World Cup,Paris,Tunisia,true
2024-05-10,South Korea,Iran,5,3,WC Qualifier,Home City,South Korea,false
2020-01-05,Mexico,Panama,0,1,Friendly,Home City,Mexico,false
2019-07-01,Saudi Arabia,Egypt,3,2,Friendly,Home City,Saudi Arabia,false
2026-03-28,USA,Australia,0,3,Friendly,Home City,USA,false
2022-07-08,Costa Rica,Belgium,2,3,Continental Cup,Home City,Costa Rica,false
2018-11-20,Tunisia,Peru,3,2,Nations League,Home City,Tunisia,false
2024-05-04,Ecuador,Serbia,3,1,Continental Cup,Home City,Ecuador,false
2023-05-29,England,Brazil,5,0,Friendly,Home City,England,false
2018-09-18,Uruguay,Panama,6,0,Continental Cup,Home City,Uruguay,false
2024-09-06,Argentina,Switzerland,4,0,Continental Cup,Home City,Argentina,false
2026-03-02,Canada,Japan,0,1,World Cup,Berlin,Canada,true
2018-03-15,Australia,New Zealand,0,1,Friendly,Home City,Australia,false
2023-11-08,Qatar,Jamaica,3,0,Friendly,Home City,Qatar,false
2018-10-28,Japan,South Korea,1,0,Friendly,Home City,Japan,false
2021-06-17,Denmark,Panama,2,0,World Cup,Doha,Denmark,true
2024-11-11,Colombia,Qatar,2,1,Friendly,Home City,Colombia,false
2022-03-26,Italy,Sweden,2,0,Nations League,Home City,Italy,false
2019-05-26,United Arab Emirates,Iran,2,0,Continental Cup,Home City,United Arab Emirates,false
2025-10-30,France,Canada,2,0,World Cup,London,France,true
2018-10-14,Netherlands,Paraguay,2,0,Friendly,Home City,Netherlands,false
2023-07-23,Austria,Croatia,4,3,Continental Cup,Home City,Austria,false
2025-09-24,South Africa,Portugal,2,4,Continental Cup,Home City,South Africa,false
2019-11-02,Spain,Costa Rica,5,1,Friendly,Home City,Spain,false
2020-01-03,Jamaica,South Africa,2,1,WC Qualifier,Home City,Jamaica,false
2019-01-26,Norway,Switzerland,2,1,Nations League,Home City,Norway,false
2023-12-19,Saudi Arabia,Switzerland,0,0,Continental Cup,Home City,Saudi Arabia,false
2018-05-27,Paraguay,South Korea,0,0,World Cup,New York,Paraguay,true
2021-07-21,Colombia,Serbia,1,2,Nations League,Home City,Colombia,false
2021-03-14,Tunisia,England,0,0,Continental Cup,Home City,Tunisia,false
2024-07-29,Wales,Saudi Arabia,1,0,WC Qualifier,Home City,Wales,false
2023-03-25,Italy,Uruguay,0,0,Continental Cup,Home City,Italy,false
2025-02-16,Paraguay,Saudi Arabia,2,1,WC Qualifier,Home City,Paraguay,false
2022-05-06,Paraguay,Australia,3,4,World Cup,New York,Paraguay,true
2021-11-18,Iran,Argentina,3,2,World Cup,Sydney,Iran,true
2021-02-22,Morocco,Egypt,0,2,World Cup,Doha,Morocco,true
2019-06-02,Colombia,Wales,2,2,Continental Cup,Home City,Colombia,false
2026-01-25,United Arab Emirates,Cameroon,2,2,World Cup,Doha,United Arab Emirates,true
2018-10-14,Switzerland,Portugal,0,1,Continental Cup,Home City,Switzerland,false
2018-03-15,Canada,France,0,2,Continental Cup,Home City,Canada,false
2020-11-13,Denmark,Spain,0,1,World Cup,Berlin,Denmark,true
2025-06-09,Argentina,England,4,1,WC Qualifier,Home City,Argentina,false
2023-04-22,Algeria,Chile,4,2,World Cup,London,Algeria,true
2023-09-22,Switzerland,New Zealand,0,0,Continental Cup,Home City,Switzerland,false
2022-03-01,New Zealand,Sweden,2,3,Friendly,Home City,New Zealand,false
2026-04-16,Senegal,Iraq,0,0,World Cup,Berlin,Senegal,true
2025-12-05,Brazil,Iraq,4,0,Nations League,Home City,Brazil,false
2026-03-25,South Africa,Wales,2,2,Nations League,Home City,South Africa,false
2018-03-27,Norway,Morocco,0,1,Continental Cup,Home City,Norway,false
2023-10-27,England,Netherlands,3,1,Friendly,Home City,England,false
2021-01-29,Senegal,Mexico,2,1,Friendly,Home City,Senegal,false
2023-11-16,Iraq,Austria,0,1,Nations League,Home City,Iraq,false
2021-05-15,Nigeria,Chile,3,1,Continental Cup,Home City,Nigeria,false
2024-12-16,Wales,Saudi Arabia,2,0,Friendly,Home City,Wales,false
2020-09-27,Costa Rica,South Africa,1,1,Nations League,Home City,Costa Rica,false
2025-05-31,Uruguay,Sweden,4,1,World Cup,Dubai,Uruguay,true
2023-10-01,Saudi Arabia,Jamaica,2,1,Nations League,Home City,Saudi Arabia,false
2024-07-29,Panama,Cameroon,1,3,WC Qualifier,Home City,Panama,false
2026-04-06,France,Iran,1,0,Nations League,Home City,France,false
2023-04-13,Denmark,Wales,3,1,WC Qualifier,Home City,Denmark,false
2025-05-29,Morocco,Serbia,3,0,Continental Cup,Home City,Morocco,false
2023-01-14,Ivory Coast,South Africa,0,1,WC Qualifier,Home City,Ivory Coast,false
2021-03-17,Tunisia,Iraq,2,3,WC Qualifier,Home City,Tunisia,false
2024-09-18,Iraq,Chile,1,0,Friendly,Home City,Iraq,false
2018-11-02,Germany,Uruguay,4,0,Continental Cup,Home City,Germany,false
2020-07-19,Ivory Coast,Saudi Arabia,2,0,WC Qualifier,Home City,Ivory Coast,false
2018-05-17,Panama,Netherlands,2,1,Friendly,Home City,Panama,false